/*
SQLyog Ultimate v10.00 Beta1
MySQL - 8.0.20 : Database - proqure-staging
*********************************************************************
*/

/*!40101 SET NAMES utf8 */;

/*!40101 SET SQL_MODE=''*/;

/*!40014 SET @OLD_UNIQUE_CHECKS=@@UNIQUE_CHECKS, UNIQUE_CHECKS=0 */;
/*!40014 SET @OLD_FOREIGN_KEY_CHECKS=@@FOREIGN_KEY_CHECKS, FOREIGN_KEY_CHECKS=0 */;
/*!40101 SET @OLD_SQL_MODE=@@SQL_MODE, SQL_MODE='NO_AUTO_VALUE_ON_ZERO' */;
/*!40111 SET @OLD_SQL_NOTES=@@SQL_NOTES, SQL_NOTES=0 */;
CREATE DATABASE /*!32312 IF NOT EXISTS*/`proqure-staging` /*!40100 DEFAULT CHARACTER SET utf8mb4 COLLATE utf8mb4_0900_ai_ci */ /*!80016 DEFAULT ENCRYPTION='N' */;

USE `proqure-staging`;

/*Table structure for table `batch` */

DROP TABLE IF EXISTS `batch`;

CREATE TABLE `batch` (
  `pk_batch_id` bigint NOT NULL AUTO_INCREMENT,
  `batch_name` varchar(45) CHARACTER SET utf8 COLLATE utf8_bin NOT NULL,
  `batch_description` varchar(100) CHARACTER SET utf8 COLLATE utf8_bin DEFAULT NULL,
  `quantity` int NOT NULL,
  `status` tinyint DEFAULT '1',
  `created_by` bigint DEFAULT NULL,
  `created_on` datetime DEFAULT CURRENT_TIMESTAMP,
  `modified_by` bigint DEFAULT NULL,
  `modified_on` datetime DEFAULT CURRENT_TIMESTAMP,
  PRIMARY KEY (`pk_batch_id`)
) ENGINE=InnoDB DEFAULT CHARSET=utf8 COLLATE=utf8_bin COMMENT='Batch master';

/*Data for the table `batch` */

/*Table structure for table `brand` */

DROP TABLE IF EXISTS `brand`;

CREATE TABLE `brand` (
  `pk_brand_id` bigint NOT NULL AUTO_INCREMENT,
  `brand_name` varchar(100) CHARACTER SET utf8 COLLATE utf8_bin NOT NULL,
  `fk_vertical_id` bigint NOT NULL,
  `fk_partner_id` bigint NOT NULL,
  `fk_roll_id` bigint DEFAULT NULL,
  `brand_description` varchar(2000) CHARACTER SET utf8 COLLATE utf8_bin DEFAULT NULL,
  `brand_logo` varchar(100) CHARACTER SET utf8 COLLATE utf8_bin DEFAULT NULL,
  `brand_url` varchar(2000) CHARACTER SET utf8 COLLATE utf8_bin DEFAULT NULL,
  `status` tinyint DEFAULT '1',
  `created_by` bigint DEFAULT NULL,
  `created_on` datetime DEFAULT CURRENT_TIMESTAMP,
  `modified_by` bigint DEFAULT NULL,
  `modified_on` datetime DEFAULT CURRENT_TIMESTAMP,
  PRIMARY KEY (`pk_brand_id`),
  KEY `fk_vertical_b_idx` (`fk_vertical_id`),
  KEY `fk_partner_id_idx` (`fk_partner_id`),
  KEY `fk_roll_id_idx` (`fk_roll_id`),
  CONSTRAINT `fk_partner_id` FOREIGN KEY (`fk_partner_id`) REFERENCES `partner` (`pk_partner_id`),
  CONSTRAINT `fk_roll_id` FOREIGN KEY (`fk_roll_id`) REFERENCES `role` (`pk_role_id`) ON DELETE RESTRICT ON UPDATE RESTRICT,
  CONSTRAINT `fk_vertical_b` FOREIGN KEY (`fk_vertical_id`) REFERENCES `lookup` (`pk_lookup_id`)
) ENGINE=InnoDB AUTO_INCREMENT=85 DEFAULT CHARSET=utf8 COLLATE=utf8_bin COMMENT='Brand master';

/*Data for the table `brand` */

insert  into `brand`(`pk_brand_id`,`brand_name`,`fk_vertical_id`,`fk_partner_id`,`fk_roll_id`,`brand_description`,`brand_logo`,`brand_url`,`status`,`created_by`,`created_on`,`modified_by`,`modified_on`) values (70,'Better Global ',5,32,1,'better provides its customers with the purest and most natural medical grade cannabis experience.\n\nWe are proud of our use of advanced organic cultivation methods that take the environment and the patient’s health into account and because we are pioneers in converting  cannabis into a medical product both in Israel and globally','1609557108110cropped-BetterTM_belowtext_green_blue.jpg','https://www.better-global.com/en/',1,0,'2021-01-02 03:11:49',0,'2021-01-02 03:11:49'),(71,'GreenWays ',11,32,1,'Greenerways Organic’s mission has always been to create effective, affordable, organic solutions for your everyday problems. As a family-run business it is paramount to us that shoppers no longer have to compromise their safety based on what they can/can’t afford. All human beings deserve the right to live healthy lifestyles.\n\nWe’re dedicated to making life easier and more safe for families (and their pets) by providing an organic assortment of outdoor, lifestyle and personal care products that are infused with the best natural ingredients. We take this commitment seriously and our many approval seals attest to the level of investment we make on your behalf.\n\n','1609576804884GW_logo_PNG_01_1200x1200.png','https://greenerways.com/pages/about-us',1,0,'2021-01-02 08:40:06',0,'2021-01-19 14:16:05'),(72,'Brand From Account Manager ',7,34,1,'This is description for Brand created from Account Manager.',NULL,'http://d1x0iq8ltb1k4e.cloudfront.net/#/brands/brand-create',1,0,'2021-01-13 13:35:27',0,'2021-02-11 10:26:43'),(73,'Kim Crawford',11,33,1,'The vineyards of Kim Crawford are located in outstanding, predominantly coastal sites. The grapes benefit from long days, clean sea breezes and crisp nights. In combination with New Zealand’s long and dry autumn season, our grapes ripen slowly, which allows them to build flavor intensity as well as develop a sophisticated acidity. In the end, it is this unique combination of factors–from regions and soils, to temperatures and growth rates–that give Kim Crawford a perfect balance of fruit and acidity. ','1611065995954Kim-Crawford-Logo-300x300.png','https://www.kimcrawfordwines.com/',1,0,'2021-01-18 12:08:12',0,'2021-02-11 10:18:45'),(74,'New Brand 1',6,37,1,'',NULL,'',1,0,'2021-01-18 12:46:53',0,'2021-02-11 10:29:05'),(75,'Robert Mondavi Winery',11,33,1,'Since 1966, Robert Mondavi Winery has celebrated the appreciation of fine wine, food, and art - and remains the preeminent destination in the Napa Valley. We invite you to learn more about Robert Mondavi’s life, vision & legacy.','1610993231916Robert Mondavi Logo 3.png','https://www.robertmondaviwinery.com/',1,0,'2021-01-18 18:07:13',0,'2021-02-11 10:20:31'),(76,'TATA Motors',11,38,1,'Tata Motors Group (Tata Motors) is a $35 billion organisation. It is a leading global automobile manufacturing company. Its diverse portfolio includes an extensive range of cars, sports utility vehicles, trucks, buses and defence vehicles. Tata Motors is one of India\'s largest OEMs offering an extensive range of integrated, smart and e-mobility solutions\nPart of the USD113 billion Tata group founded by Jamsetji Tata in 1868, Tata Motors is among the world’s leading manufacturers of automobiles. We believe in ‘Connecting aspirations’, by offering innovative mobility solutions that are in line with customers\' aspirations. We are India\'s largest automobile manufacturer, and we continue to take the lead in shaping the Indian commercial vehicle landscape, with the introduction of leading-edge powertrains and electric solutions packaged for power performances and user comfort at the lowest life-cycle costs. Our new passenger cars and utility vehicles are based on Impact Design and offer a su','1611832403685Tata Motors Logo.jpg','https://www.tatamotors.com/',1,0,'2021-01-28 11:13:23',0,'2021-02-16 09:35:00'),(77,'New Goals and Vertical',26,34,1,'',NULL,'',1,0,'2021-02-12 10:54:33',0,'2021-02-12 11:17:55'),(78,'GreenerWays ',11,34,1,'Greenerways Organic’s mission has always been to create effective, affordable, organic solutions for your everyday problems. As a family-run business it is paramount to us that shoppers no longer have to compromise their safety based on what they can/can’t afford. All human beings deserve the right to live healthy lifestyles.\n\nWe’re dedicated to making life easier and more safe for families (and their pets) by providing an organic assortment of outdoor, lifestyle and personal care products that are infused with the best natural ingredients. We take this commitment seriously and our many approval seals attest to the level of investment we make on your behalf.\n\nIt’s important to us that you can pronounce every ingredient listed on our packaging and that you know exactly what’s inside our formulations. As we continue to grow, it’s our promise that we’ll keep this mission as the foundation for all future launches so that you and your loved ones can live a Greenerways Lifestyle  ',NULL,'https://greenerways.com/',1,0,'2021-02-23 00:11:03',0,'2021-02-23 00:11:03'),(79,'Lindt',11,39,1,'Lindt chocolate','1617066970412logo-lindt-corporate-392x138.png','https://www.lindt.com.au/',1,0,'2021-03-24 04:10:41',0,'2021-03-30 01:16:11'),(80,'Penfolds',26,39,1,'','1617083817979Screen Shot 2021-03-30 at 1.56.39 pm.png','https://www.penfolds.com/',1,0,'2021-03-30 05:55:52',0,'2021-03-30 05:56:59'),(81,'Menu Fresh',11,39,1,'Fake Subscription Box company used for Demo.','1617248258933Screen Shot 2021-04-01 at 11.37.21 am.png','https://www.menu-fresh.com',1,0,'2021-04-01 03:35:38',0,'2021-04-01 03:38:01'),(82,'Dinner Twist ',27,35,1,'Dinner twist has a range of fresh food boxes to suit any household. Our food boxes change weekly & are created using fresh seasonal and local produce.','1618989764643download (1).png','https://www.dinnertwist.com.au/ ',1,0,'2021-04-21 07:22:45',0,'2021-04-22 09:51:45'),(83,'Tanishq',7,40,1,'',NULL,'http://beta-Tanishq.com',1,0,'2021-04-23 09:15:17',0,'2021-04-23 09:15:17'),(84,'Pixel',6,39,1,'Some desc',NULL,'https://www.pixelbrand.com',1,0,'2021-04-23 14:37:48',0,'2021-04-23 14:37:48');

/*Table structure for table `brand_goal_mapping` */

DROP TABLE IF EXISTS `brand_goal_mapping`;

CREATE TABLE `brand_goal_mapping` (
  `pk_brand_goal_trn_id` bigint NOT NULL AUTO_INCREMENT,
  `fk_brand_id` bigint NOT NULL,
  `fk_goal_id` bigint NOT NULL,
  `status` tinyint DEFAULT '1',
  `created_by` bigint DEFAULT NULL,
  `created_on` datetime DEFAULT CURRENT_TIMESTAMP,
  `modified_by` bigint DEFAULT NULL,
  `modified_on` datetime DEFAULT CURRENT_TIMESTAMP,
  PRIMARY KEY (`pk_brand_goal_trn_id`),
  KEY `fk_brand_trn_idx` (`fk_brand_id`),
  KEY `fk_goal_trn_idx` (`fk_goal_id`),
  CONSTRAINT `fk_brand_trn` FOREIGN KEY (`fk_brand_id`) REFERENCES `brand` (`pk_brand_id`),
  CONSTRAINT `fk_goal_trn` FOREIGN KEY (`fk_goal_id`) REFERENCES `goal` (`pk_goal_id`)
) ENGINE=InnoDB AUTO_INCREMENT=279 DEFAULT CHARSET=utf8 COLLATE=utf8_bin COMMENT='Brand and Goal Transaction';

/*Data for the table `brand_goal_mapping` */

insert  into `brand_goal_mapping`(`pk_brand_goal_trn_id`,`fk_brand_id`,`fk_goal_id`,`status`,`created_by`,`created_on`,`modified_by`,`modified_on`) values (222,70,6,1,0,'2021-01-02 03:11:50',0,'2021-01-02 03:11:50'),(223,71,1,1,0,'2021-01-02 08:40:07',0,'2021-01-02 08:40:07'),(225,72,3,1,0,'2021-01-13 13:35:27',0,'2021-01-13 13:35:27'),(230,74,3,1,0,'2021-01-18 12:46:53',0,'2021-01-18 12:46:53'),(231,75,3,1,0,'2021-01-18 18:07:13',0,'2021-01-18 18:07:13'),(236,73,2,1,0,'2021-01-19 14:15:34',0,'2021-01-19 14:15:34'),(237,76,1,1,0,'2021-01-28 11:13:24',0,'2021-01-28 11:13:24'),(238,76,3,1,0,'2021-01-28 11:13:24',0,'2021-01-28 11:13:24'),(240,72,5,1,0,'2021-02-09 05:12:20',0,'2021-02-09 05:12:20'),(241,72,1,1,0,'2021-02-11 10:26:42',0,'2021-02-11 10:26:42'),(242,74,2,1,0,'2021-02-11 10:29:05',0,'2021-02-11 10:29:05'),(247,77,13,1,0,'2021-02-12 10:54:34',0,'2021-02-12 10:54:34'),(255,77,2,1,0,'2021-02-12 11:17:54',0,'2021-02-12 11:17:54'),(256,77,3,1,0,'2021-02-12 11:17:54',0,'2021-02-12 11:17:54'),(257,76,9,1,0,'2021-02-16 09:35:00',0,'2021-02-16 09:35:00'),(258,76,10,1,0,'2021-02-16 09:35:00',0,'2021-02-16 09:35:00'),(259,76,18,1,0,'2021-02-16 09:35:00',0,'2021-02-16 09:35:00'),(260,76,12,1,0,'2021-02-16 09:35:00',0,'2021-02-16 09:35:00'),(261,78,1,1,0,'2021-02-23 00:11:04',0,'2021-02-23 00:11:04'),(262,78,9,1,0,'2021-02-23 00:11:04',0,'2021-02-23 00:11:04'),(263,78,10,1,0,'2021-02-23 00:11:04',0,'2021-02-23 00:11:04'),(264,79,2,1,0,'2021-03-24 04:10:42',0,'2021-03-24 04:10:42'),(265,79,1,1,0,'2021-03-30 01:13:37',0,'2021-03-30 01:13:37'),(266,79,9,1,0,'2021-03-30 01:13:37',0,'2021-03-30 01:13:37'),(267,79,10,1,0,'2021-03-30 01:13:37',0,'2021-03-30 01:13:37'),(268,80,9,1,0,'2021-03-30 05:55:53',0,'2021-03-30 05:55:53'),(269,81,1,1,0,'2021-04-01 03:35:38',0,'2021-04-01 03:35:38'),(270,81,2,1,0,'2021-04-01 03:35:38',0,'2021-04-01 03:35:38'),(271,81,9,1,0,'2021-04-01 03:35:38',0,'2021-04-01 03:35:38'),(272,81,10,1,0,'2021-04-01 03:35:38',0,'2021-04-01 03:35:38'),(273,82,9,1,0,'2021-04-21 07:22:46',0,'2021-04-21 07:22:46'),(274,82,10,1,0,'2021-04-21 07:22:46',0,'2021-04-21 07:22:46'),(275,82,11,1,0,'2021-04-21 07:22:46',0,'2021-04-21 07:22:46'),(276,82,13,1,0,'2021-04-21 07:22:46',0,'2021-04-21 07:22:46'),(277,83,3,1,0,'2021-04-23 09:15:18',0,'2021-04-23 09:15:18'),(278,84,2,1,0,'2021-04-23 14:37:49',0,'2021-04-23 14:37:49');

/*Table structure for table `brand_user_mapping` */

DROP TABLE IF EXISTS `brand_user_mapping`;

CREATE TABLE `brand_user_mapping` (
  `pk_brand_user_id` bigint NOT NULL AUTO_INCREMENT,
  `fk_user_id` bigint NOT NULL,
  `fk_brand_id` bigint NOT NULL,
  `status` tinyint DEFAULT '1',
  `created_by` bigint DEFAULT NULL,
  `created_on` datetime NOT NULL DEFAULT CURRENT_TIMESTAMP,
  `modified_by` bigint DEFAULT NULL,
  `modified_on` datetime NOT NULL DEFAULT CURRENT_TIMESTAMP,
  PRIMARY KEY (`pk_brand_user_id`),
  KEY `fk_user_bu_idx` (`fk_user_id`),
  KEY `fk_brand_bu_idx` (`fk_brand_id`),
  CONSTRAINT `fk_brand_bu` FOREIGN KEY (`fk_brand_id`) REFERENCES `brand` (`pk_brand_id`),
  CONSTRAINT `fk_user_bu` FOREIGN KEY (`fk_user_id`) REFERENCES `user` (`pk_user_id`)
) ENGINE=InnoDB AUTO_INCREMENT=50 DEFAULT CHARSET=utf8 COLLATE=utf8_bin COMMENT='Brand and User Mapping';

/*Data for the table `brand_user_mapping` */

insert  into `brand_user_mapping`(`pk_brand_user_id`,`fk_user_id`,`fk_brand_id`,`status`,`created_by`,`created_on`,`modified_by`,`modified_on`) values (33,142,72,1,NULL,'2021-01-18 07:06:35',NULL,'2021-01-18 07:06:35'),(34,143,72,1,NULL,'2021-01-18 11:42:49',NULL,'2021-01-18 11:42:49'),(35,145,72,1,NULL,'2021-01-18 14:55:46',NULL,'2021-01-18 14:55:46'),(36,146,72,1,NULL,'2021-01-19 06:23:39',NULL,'2021-01-19 06:23:39'),(37,148,72,1,NULL,'2021-01-20 08:23:18',NULL,'2021-01-20 08:23:18'),(38,151,76,1,NULL,'2021-01-28 12:13:30',NULL,'2021-01-28 12:13:30'),(39,158,72,1,NULL,'2021-02-09 05:30:15',NULL,'2021-02-09 05:30:15'),(40,159,78,1,NULL,'2021-02-23 00:11:45',NULL,'2021-02-23 00:11:45'),(41,160,78,1,NULL,'2021-03-15 02:51:49',NULL,'2021-03-15 02:51:49'),(42,161,78,1,NULL,'2021-03-15 02:52:55',NULL,'2021-03-15 02:52:55'),(43,162,79,1,NULL,'2021-03-24 04:11:30',NULL,'2021-03-24 04:11:30'),(44,163,79,1,NULL,'2021-03-30 03:39:24',NULL,'2021-03-30 03:39:24'),(45,164,80,1,NULL,'2021-03-30 05:57:53',NULL,'2021-03-30 05:57:53'),(46,165,81,1,NULL,'2021-04-01 03:38:25',NULL,'2021-04-01 03:38:25'),(47,166,82,1,NULL,'2021-04-21 07:40:11',NULL,'2021-04-21 07:40:11'),(48,170,76,1,NULL,'2021-04-23 09:56:49',NULL,'2021-04-23 09:56:49'),(49,171,82,1,NULL,'2021-04-23 12:45:37',NULL,'2021-04-23 12:45:37');

/*Table structure for table `campaign` */

DROP TABLE IF EXISTS `campaign`;

CREATE TABLE `campaign` (
  `pk_campaign_id` bigint NOT NULL AUTO_INCREMENT,
  `campaign_name` varchar(200) CHARACTER SET utf8 COLLATE utf8_bin NOT NULL,
  `campaign_description` varchar(2000) CHARACTER SET utf8 COLLATE utf8_bin DEFAULT NULL,
  `fk_product_id` bigint NOT NULL,
  `fk_brand_id` bigint NOT NULL,
  `number_of_product` int NOT NULL,
  `start_date` datetime NOT NULL,
  `end_date` datetime NOT NULL,
  `fk_lookup_id` bigint NOT NULL,
  `fk_goal_id` bigint NOT NULL,
  `status` tinyint DEFAULT '1',
  `created_by` bigint DEFAULT NULL,
  `created_on` datetime DEFAULT CURRENT_TIMESTAMP,
  `modified_by` bigint DEFAULT NULL,
  `modified_on` datetime DEFAULT CURRENT_TIMESTAMP,
  `fk_product_sku_id` bigint DEFAULT NULL,
  PRIMARY KEY (`pk_campaign_id`),
  KEY `fk_goal_c_idx` (`fk_goal_id`),
  KEY `fk_product_cp_idx` (`fk_product_id`),
  KEY `fk_brand_cp_idx` (`fk_brand_id`),
  KEY `fk_product_sku_id_cp_idx` (`fk_product_sku_id`),
  CONSTRAINT `fk_brand_cp` FOREIGN KEY (`fk_brand_id`) REFERENCES `brand` (`pk_brand_id`),
  CONSTRAINT `fk_goal_c` FOREIGN KEY (`fk_goal_id`) REFERENCES `goal` (`pk_goal_id`),
  CONSTRAINT `fk_product_id_cp` FOREIGN KEY (`fk_product_id`) REFERENCES `product` (`pk_product_id`),
  CONSTRAINT `fk_product_sku_id_cp` FOREIGN KEY (`fk_product_sku_id`) REFERENCES `sku_product_mapping` (`pk_sku_product_id`)
) ENGINE=InnoDB AUTO_INCREMENT=210 DEFAULT CHARSET=utf8 COLLATE=utf8_bin COMMENT='Campaign master';

/*Data for the table `campaign` */

insert  into `campaign`(`pk_campaign_id`,`campaign_name`,`campaign_description`,`fk_product_id`,`fk_brand_id`,`number_of_product`,`start_date`,`end_date`,`fk_lookup_id`,`fk_goal_id`,`status`,`created_by`,`created_on`,`modified_by`,`modified_on`,`fk_product_sku_id`) values (183,' PK Kush - educational app','This is the default experience users will be exposed to in order to access product content related to PK Kush ',85,70,500,'2021-03-01 00:00:00','2021-04-03 00:00:00',2,6,1,0,'2021-01-02 09:27:31',0,'2021-03-29 08:59:50',137),(184,'Quiz comp ','Quiz Comp to collect consumers insights ',84,70,1000,'2021-02-01 16:00:00','2021-05-31 16:00:00',18,6,1,0,'2021-01-02 09:48:40',0,'2021-01-02 09:53:11',136),(185,'Campaign 1',NULL,88,72,222,'2021-01-23 00:00:00','2021-02-01 00:00:00',25,3,1,0,'2021-01-18 08:18:30',0,'2021-02-15 13:21:37',141),(186,'campaign-2','test',87,72,10,'2021-01-18 00:00:00','2021-01-29 00:00:00',1,3,1,0,'2021-01-18 09:43:16',0,'2021-01-18 09:43:16',139),(187,'campaign-3','test',87,72,10,'2021-01-29 00:00:00','2021-02-24 00:00:00',2,1,1,0,'2021-01-18 10:10:16',0,'2021-02-09 05:32:34',140),(188,'Campaign 4',NULL,90,72,12,'2021-01-20 00:00:00','2021-01-23 00:00:00',1,1,1,0,'2021-01-18 14:53:21',0,'2021-01-19 06:12:15',144),(189,'Tap to Shop','Increase sales in store',91,75,1000,'2021-01-15 00:00:00','2021-01-28 00:00:00',25,3,1,0,'2021-01-18 21:02:04',0,'2021-01-20 11:10:57',145),(190,'Christmas campaign','drive engagement for xmas',93,75,10000,'2021-01-19 00:00:00','2021-02-19 00:00:00',1,3,1,0,'2021-01-19 15:06:32',0,'2021-03-17 04:39:14',147),(191,'Campaign for TATA Motors','This is Description for Campaign for TATA Motors',95,76,66,'2021-01-28 00:00:00','2021-03-30 00:00:00',25,1,1,0,'2021-01-28 11:46:11',0,'2021-02-09 06:03:47',149),(192,'asd','',94,72,121,'2021-02-10 00:00:00','2021-02-23 00:00:00',25,5,1,0,'2021-02-09 05:13:48',0,'2021-02-09 12:14:51',148),(193,'Campaign 2','',97,76,12,'2021-02-10 00:00:00','2021-02-27 00:00:00',25,1,1,0,'2021-02-09 06:11:16',0,'2021-02-09 09:08:01',153),(194,'Long Campaign Name for Testing purpose to see if limit is exceeding Test Campaign ','',100,76,121,'2021-02-11 00:00:00','2021-02-28 00:00:00',3,3,1,0,'2021-02-09 08:56:26',0,'2021-02-09 11:47:05',157),(195,'Sequence Of Tap','',99,72,123,'2021-02-09 00:00:00','2021-02-28 00:00:00',25,3,1,0,'2021-02-09 12:32:04',0,'2021-02-10 06:26:14',156),(196,'Campaign Based on Time','',87,72,111,'2021-02-09 00:00:00','2021-02-28 00:00:00',3,3,1,0,'2021-02-09 12:49:27',0,'2021-02-10 07:12:11',139),(197,'Campaign For Location','',89,72,111,'2021-02-09 00:00:00','2021-02-21 00:00:00',25,5,1,0,'2021-02-09 12:54:00',0,'2021-02-10 06:46:01',143),(198,'asdasd','',101,74,1212,'2021-02-11 00:00:00','2021-02-25 00:00:00',25,3,1,0,'2021-02-11 10:28:23',0,'2021-02-16 08:54:27',158),(199,'Campaign 1','',102,77,11,'2021-02-12 00:00:00','2021-02-21 00:00:00',25,13,1,0,'2021-02-12 10:58:51',0,'2021-02-12 11:07:44',159),(200,'Organic consumer 1:1','collect insights from our customers with regards to product fit',105,78,1000000,'2021-03-01 00:00:00','2021-03-31 00:00:00',4,9,1,0,'2021-02-23 00:25:38',0,'2021-02-23 00:25:38',162),(201,'Educational Campaign','',106,79,100,'2021-03-30 00:00:00','2022-05-18 00:00:00',25,2,1,0,'2021-03-24 04:15:59',0,'2021-04-13 02:47:55',163),(202,'Brand Integrity','',106,79,100,'2021-03-30 00:00:00','2021-07-08 00:00:00',2,1,1,0,'2021-03-30 02:35:55',0,'2021-04-11 05:58:25',163),(203,'Quiz Campaign','',106,79,100,'2021-03-30 00:00:00','2022-05-18 00:00:00',25,10,1,0,'2021-03-30 03:26:46',0,'2021-04-13 02:49:50',163),(204,'Educational','',107,80,100,'2021-03-30 00:00:00','2022-05-18 00:00:00',18,9,1,0,'2021-03-30 06:05:36',0,'2021-03-30 06:11:51',164),(205,'Brand Integrity','',107,80,100,'2021-03-30 00:00:00','2022-05-18 00:00:00',18,9,1,0,'2021-03-30 06:10:27',0,'2021-03-30 06:11:49',164),(206,'Recipes','',108,81,100,'2021-04-01 00:00:00','2022-05-18 00:00:00',25,9,1,0,'2021-04-01 03:44:34',0,'2021-04-01 08:46:18',165),(207,'Market Survey ','Collect consumer insights with the following objectives: \nImprove delivery cycle based on consumers feedback\nOptimise box options and content ',109,82,2000,'2021-04-21 00:00:00','2021-07-01 00:00:00',18,9,1,0,'2021-04-21 07:38:27',0,'2021-04-21 07:38:27',166),(208,'asds','',109,82,20,'2021-04-23 00:00:00','2021-04-30 00:00:00',4,9,0,0,'2021-04-22 09:53:46',0,'2021-04-23 14:42:37',166),(209,'Christmas','Campaign desc',110,84,10000,'2021-04-23 00:00:00','2021-04-30 00:00:00',1,2,1,0,'2021-04-23 14:47:44',0,'2021-04-23 14:47:44',167);

/*Table structure for table `goal` */

DROP TABLE IF EXISTS `goal`;

CREATE TABLE `goal` (
  `pk_goal_id` bigint NOT NULL AUTO_INCREMENT,
  `goal_name` varchar(45) CHARACTER SET utf8 COLLATE utf8_bin NOT NULL,
  `description` varchar(500) COLLATE utf8_bin DEFAULT NULL,
  `goal_image` varchar(150) COLLATE utf8_bin DEFAULT NULL,
  `status` tinyint DEFAULT '1',
  `created_by` bigint DEFAULT NULL,
  `created_on` datetime DEFAULT CURRENT_TIMESTAMP,
  `modified_by` bigint DEFAULT NULL,
  `modified_on` datetime DEFAULT CURRENT_TIMESTAMP,
  PRIMARY KEY (`pk_goal_id`),
  KEY `fk_status_g_idx` (`status`)
) ENGINE=InnoDB AUTO_INCREMENT=21 DEFAULT CHARSET=utf8 COLLATE=utf8_bin COMMENT='Goal master';

/*Data for the table `goal` */

insert  into `goal`(`pk_goal_id`,`goal_name`,`description`,`goal_image`,`status`,`created_by`,`created_on`,`modified_by`,`modified_on`) values (1,'Sales','Drive sales to your e-commerce store','ic_increase_sales.png',1,NULL,'2020-10-26 14:53:41',NULL,'2020-10-26 14:53:41'),(2,'Leads','Generate potential leads to drive conversions ','ic_leads.png',1,NULL,'2020-10-26 14:54:09',NULL,'2020-10-26 14:54:09'),(3,'Website traffic','Increase visitors to your brands website','Ic_website_traffic.png',1,NULL,'2020-10-26 14:54:34',NULL,'2020-10-26 14:54:34'),(4,'Brand awareness and reach',NULL,'ic_brand_awarness.png',1,NULL,'2020-10-26 15:01:18',NULL,'2020-10-26 15:01:18'),(5,'App promotion',NULL,'Ic_app_promotions.png',1,NULL,'2020-10-26 15:01:31',NULL,'2020-10-26 15:01:31'),(6,'Customer Acquisition',NULL,'ic_customer_acquisition.png',1,NULL,'2020-11-05 16:20:32',NULL,'2020-11-05 16:24:59'),(7,'Customer Attention',NULL,'ic_customer_retention.png',1,NULL,'2020-11-20 09:50:12',NULL,'2020-11-20 09:50:12'),(8,'Boost Engagement','A high number of clicks but low user engagement','ic_boost_engagement.png',1,NULL,'2021-01-21 07:11:43',NULL,'2021-01-21 07:11:43'),(9,'Collect consumer insights',NULL,'Ic_consumer_insights.png',1,NULL,'2021-02-12 10:34:47',NULL,'2021-02-12 10:34:47'),(10,'Market research',NULL,'Ic_market_research.png',1,NULL,'2021-02-12 10:34:47',NULL,'2021-02-12 10:34:47'),(11,'Special promotion',NULL,'Ic_special_promotion.png',1,NULL,'2021-02-12 10:34:47',NULL,'2021-02-12 10:34:47'),(12,'Competition',NULL,'Ic_competition.png',1,NULL,'2021-02-12 10:34:47',NULL,'2021-02-12 10:34:47'),(13,'Validate user check-in / checkout',NULL,'Ic_validate_user.png',1,NULL,'2021-02-12 10:34:47',NULL,'2021-02-12 10:34:47'),(14,'Consumer education',NULL,'Ic_consumer_education.png',1,NULL,'2021-02-12 10:34:47',NULL,'2021-02-12 10:34:47'),(15,'Increase average spend',NULL,'Ic_average_spend.png',1,NULL,'2021-02-12 10:34:47',NULL,'2021-02-12 10:34:47'),(16,'Enable e-commerce',NULL,'Ic_e-commerce.png',1,NULL,'2021-02-12 10:34:47',NULL,'2021-02-12 10:34:47'),(17,'Boost social media activity',NULL,'Ic_social.png',1,NULL,'2021-02-12 10:34:47',NULL,'2021-02-12 10:34:47'),(18,'Increase product sales',NULL,'Ic_product_sale.png',1,NULL,'2021-02-12 10:34:47',NULL,'2021-02-12 10:34:47'),(19,'Increase brand awareness',NULL,'ic_brand_awarness.png',1,NULL,'2021-02-12 10:34:47',NULL,'2021-02-12 10:34:47'),(20,'Other/Specify',NULL,'Ic_other_services.png',1,NULL,'2021-02-12 10:34:47',NULL,'2021-02-12 10:34:47');

/*Table structure for table `lookup` */

DROP TABLE IF EXISTS `lookup`;

CREATE TABLE `lookup` (
  `pk_lookup_id` bigint NOT NULL AUTO_INCREMENT,
  `key` varchar(45) CHARACTER SET utf8 COLLATE utf8_bin DEFAULT NULL,
  `value` varchar(45) CHARACTER SET utf8 COLLATE utf8_bin DEFAULT NULL,
  `status` tinyint DEFAULT '1',
  `created_by` bigint DEFAULT NULL,
  `created_on` datetime DEFAULT CURRENT_TIMESTAMP,
  `modified_by` bigint DEFAULT NULL,
  `modified_on` datetime DEFAULT CURRENT_TIMESTAMP,
  PRIMARY KEY (`pk_lookup_id`)
) ENGINE=InnoDB AUTO_INCREMENT=29 DEFAULT CHARSET=utf8 COLLATE=utf8_bin COMMENT='Lookup master which contains metadata';

/*Data for the table `lookup` */

insert  into `lookup`(`pk_lookup_id`,`key`,`value`,`status`,`created_by`,`created_on`,`modified_by`,`modified_on`) values (1,'campaign_status','schedule',1,NULL,'2020-10-26 15:09:00',NULL,'2020-10-26 15:09:00'),(2,'campaign_status','paused',1,NULL,'2020-10-26 15:09:06',NULL,'2020-10-26 15:09:06'),(3,'campaign_status','completed',1,NULL,'2020-10-26 15:09:17',NULL,'2020-10-26 15:09:17'),(4,'campaign_status','draft',1,NULL,'2020-10-27 15:07:26',NULL,'2020-10-27 15:07:26'),(5,'vertical','Healthcare',1,NULL,'2020-10-29 05:46:18',NULL,'2020-10-29 05:46:18'),(6,'vertical','Electronics',1,NULL,'2020-10-29 05:49:30',NULL,'2020-11-03 10:38:22'),(7,'vertical','Fashion',1,NULL,'2020-10-29 05:49:49',NULL,'2020-11-05 16:00:24'),(9,'partner_type','conglomorate',1,NULL,'2020-10-29 05:57:07',NULL,'2020-10-29 05:57:07'),(10,'partner_type','packaging partner',1,NULL,'2020-10-29 05:57:27',NULL,'2020-10-29 05:57:27'),(11,'vertical','Other/Specify',1,NULL,'2020-11-03 10:33:28',NULL,'2020-11-03 10:33:28'),(13,'campaign_pwa_rule','sequnce_of_taps',1,NULL,'2020-11-06 06:27:58',NULL,'2020-11-06 06:27:58'),(14,'campaign_pwa_rule','time_of_the_day',1,NULL,'2020-11-06 06:28:40',NULL,'2020-11-06 06:28:40'),(15,'campaign_pwa_rule','location',1,NULL,'2020-11-06 06:29:04',NULL,'2020-11-06 06:29:04'),(17,'campaign_status','stopped',1,NULL,'2020-10-27 15:07:26',NULL,'2020-10-27 15:07:26'),(18,'campaign_status','running',1,NULL,'2020-11-27 12:49:50',NULL,'2020-11-27 12:49:50'),(20,'tag_master_mode','Generating',1,NULL,'2020-12-16 06:29:02',NULL,'2020-12-16 06:29:02'),(21,'tag_master_mode','To be sent',1,NULL,'2020-12-16 06:29:34',NULL,'2020-12-16 06:29:34'),(22,'tag_master_mode','To be received',1,NULL,'2020-12-16 06:29:35',NULL,'2020-12-16 06:29:35'),(23,'tag_master_mode','Received',1,NULL,'2020-12-16 06:29:37',NULL,'2020-12-16 06:29:37'),(24,'tag_master_mode','assigned',1,NULL,'2020-12-16 06:29:38',NULL,'2020-12-16 06:29:38'),(25,'campaign_status','activated',1,NULL,'2020-12-16 06:29:38',NULL,'2020-12-16 06:29:38'),(26,'vertical','Wine & Spirit',1,NULL,'2021-02-12 10:40:03',NULL,'2021-02-12 10:40:03'),(27,'vertical','General food products',1,NULL,'2021-02-12 10:40:03',NULL,'2021-02-12 10:40:03'),(28,'vertical','Health food',1,NULL,'2021-02-12 10:40:03',NULL,'2021-02-12 10:40:03');

/*Table structure for table `partner` */

DROP TABLE IF EXISTS `partner`;

CREATE TABLE `partner` (
  `pk_partner_id` bigint NOT NULL AUTO_INCREMENT,
  `partner_name` varchar(100) CHARACTER SET utf8 COLLATE utf8_bin NOT NULL,
  `web_url` varchar(100) CHARACTER SET utf8 COLLATE utf8_bin DEFAULT NULL,
  `description` varchar(2000) CHARACTER SET utf8 COLLATE utf8_bin DEFAULT NULL,
  `logo` varchar(150) CHARACTER SET utf8 COLLATE utf8_bin DEFAULT NULL,
  `fk_type_id` bigint NOT NULL,
  `status` tinyint DEFAULT '1',
  `created_by` bigint DEFAULT NULL,
  `created_on` datetime NOT NULL DEFAULT CURRENT_TIMESTAMP,
  `modified_by` bigint DEFAULT NULL,
  `modified_on` datetime NOT NULL DEFAULT CURRENT_TIMESTAMP,
  PRIMARY KEY (`pk_partner_id`),
  KEY `fk_type_idx` (`fk_type_id`),
  CONSTRAINT `fk_type` FOREIGN KEY (`fk_type_id`) REFERENCES `lookup` (`pk_lookup_id`)
) ENGINE=InnoDB AUTO_INCREMENT=41 DEFAULT CHARSET=utf8 COLLATE=utf8_bin COMMENT='Partner Master';

/*Data for the table `partner` */

insert  into `partner`(`pk_partner_id`,`partner_name`,`web_url`,`description`,`logo`,`fk_type_id`,`status`,`created_by`,`created_on`,`modified_by`,`modified_on`) values (32,'Visy Industries ','www.visy.com.au','Visy offer unique, fully integrated, forward thinking closed loop packaging and recycling solutions that align with customer and industry needs. Visy\'s manufacturing and processing, technology, logistics and design are part of a streamlined system that ensures our packaging solutions are consistently among the best in the world.  ','1609555100829Visy-Logokaka.png',10,1,0,'2021-01-02 02:38:22',0,'2021-01-02 02:38:22'),(33,'Enoplastic ','https://enoplastic.com/en/style-products/capsule/','Established in 1957, Enoplastic is the world’s largest manufacturer of PVC and polylaminate capsules , screw caps, synthetic corks and seals for still and sparkling wines, spirits, olive oil and vinegars.\nImpressive decorating capabilities including rotogravure printing, hot foil stamping, inking and embossing is a “Must” in addition to the special capabilities and knowhow for perfectly forming the capsules.\nStandard or custom colors are available as per as several options and customizations.\nEnoplastic is a global company with the Headquarter in Italy and local manufacturing and commercial subsidiaries in Spain, France, USA, Australia and New Zealand.','1609555385653enologo\'.jpg',10,1,0,'2021-01-02 02:43:06',0,'2021-01-02 02:43:06'),(34,'Digicorp Partner ','https://www.digi-corp.com/','This is description for Digicorp Partner.',NULL,9,1,0,'2021-01-13 13:18:20',0,'2021-01-18 05:57:26'),(35,'Digi-Corp Partner 1','https://www.digi-corp.com/','This is description for Digi-Corp Partner 1.',NULL,10,1,0,'2021-01-13 13:44:27',0,'2021-01-13 13:44:27'),(36,'Digicorp Partner 2','https://www.digi-corp.com/','This is description for Digicorp Partner 2',NULL,9,1,0,'2021-01-13 15:57:52',0,'2021-01-13 15:59:33'),(37,'Digicorp 3 edited',NULL,'this is description for digicorp 3',NULL,10,1,0,'2021-01-18 12:06:10',0,'2021-04-22 07:02:57'),(38,'TATA Group','https://www.tata.com/','Founded by Jamsetji Tata in 1868, the Tata group is a global enterprise, headquartered in India, comprising 30 companies across ten verticals.\n\nThe group operates in more than 100 countries across six continents, with a mission \'To improve the quality of life of the communities we serve globally, through long-term stakeholder value creation based on Leadership with Trust’.\n\nTata Sons is the principal investment holding company and promoter of Tata companies. Sixty-six percent of the equity share capital of Tata Sons is held by philanthropic trusts, which support education, health, livelihood generation and art and culture.\n\nIn 2019-20, the revenue of Tata companies, taken together, was $106 billion (INR 7.5 trillion). These companies collectively employ over 750,000 people.\n\nEach Tata company or enterprise operates independently under the guidance and supervision of its own board of directors. There are 29 publicly-listed Tata enterprises with a combined market capitalisation of $123 b','1611832269847Tata Group Logo.jpg',9,1,0,'2021-01-28 11:11:10',0,'2021-01-28 11:11:10'),(39,'Visy ','www.visy.com.au','Visy Industries was established in Melbourne in 1948 and has since grown to become one of the world\'s largest privately owned paper, packaging and recycling companies','1614300894703Visy-Logo_RGB_Standard_HR1-e1539736602414 (1).jpg',10,1,0,'2021-01-29 01:53:12',0,'2021-04-22 06:11:14'),(40,'tanishq','www.tanishq.com','Tanishq is an Indian jewellery brand and a division of Titan Company. Founded in 1994, Tanishq is headquartered in Bangalore, Karnataka, India','1619167993168b7e14d7f8d0d0b1a07846c8ff3787046.png',9,1,0,'2021-04-23 08:53:13',0,'2021-04-23 08:53:13');

/*Table structure for table `partner_user_mapping` */

DROP TABLE IF EXISTS `partner_user_mapping`;

CREATE TABLE `partner_user_mapping` (
  `pk_partner_user_id` bigint NOT NULL AUTO_INCREMENT,
  `fk_user_id` bigint NOT NULL,
  `fk_partner_id` bigint NOT NULL,
  `status` tinyint DEFAULT '1',
  `created_by` bigint DEFAULT NULL,
  `created_on` datetime NOT NULL DEFAULT CURRENT_TIMESTAMP,
  `modified_by` bigint DEFAULT NULL,
  `modified_on` datetime NOT NULL DEFAULT CURRENT_TIMESTAMP,
  PRIMARY KEY (`pk_partner_user_id`),
  KEY `fk_user_um_idx` (`fk_user_id`),
  KEY `fk_partner_id_idx` (`fk_partner_id`),
  CONSTRAINT `fk_partner_um` FOREIGN KEY (`fk_partner_id`) REFERENCES `partner` (`pk_partner_id`),
  CONSTRAINT `fk_user_um` FOREIGN KEY (`fk_user_id`) REFERENCES `user` (`pk_user_id`)
) ENGINE=InnoDB AUTO_INCREMENT=83 DEFAULT CHARSET=utf8 COLLATE=utf8_bin COMMENT='user mapping with partner';

/*Data for the table `partner_user_mapping` */

insert  into `partner_user_mapping`(`pk_partner_user_id`,`fk_user_id`,`fk_partner_id`,`status`,`created_by`,`created_on`,`modified_by`,`modified_on`) values (67,136,32,1,NULL,'2021-01-02 02:50:14',NULL,'2021-01-02 02:50:14'),(68,137,34,1,NULL,'2021-01-13 13:25:48',NULL,'2021-01-13 13:25:48'),(69,141,33,1,NULL,'2021-01-14 05:19:43',NULL,'2021-01-14 05:19:43'),(70,144,37,1,NULL,'2021-01-18 12:06:41',NULL,'2021-01-18 12:06:41'),(71,147,37,1,NULL,'2021-01-19 13:51:32',NULL,'2021-01-19 13:51:32'),(72,149,38,1,NULL,'2021-01-28 12:07:38',NULL,'2021-01-28 12:07:38'),(73,150,38,1,NULL,'2021-01-28 12:09:47',NULL,'2021-01-28 12:09:47'),(74,152,32,1,NULL,'2021-01-29 01:54:07',NULL,'2021-01-29 01:54:07'),(75,153,38,1,NULL,'2021-02-08 10:39:01',NULL,'2021-02-08 10:39:01'),(76,154,38,1,NULL,'2021-02-08 11:35:31',NULL,'2021-02-08 11:35:31'),(77,155,38,1,NULL,'2021-02-08 12:44:56',NULL,'2021-02-08 12:44:56'),(78,156,38,1,NULL,'2021-02-08 12:49:35',NULL,'2021-02-08 12:49:35'),(79,157,38,1,NULL,'2021-02-09 05:09:27',NULL,'2021-02-09 05:09:27'),(80,167,40,1,NULL,'2021-04-23 08:57:36',NULL,'2021-04-23 08:57:36'),(81,168,40,1,NULL,'2021-04-23 09:47:12',NULL,'2021-04-23 09:47:12'),(82,169,38,1,NULL,'2021-04-23 09:51:03',NULL,'2021-04-23 09:51:03');

/*Table structure for table `product` */

DROP TABLE IF EXISTS `product`;

CREATE TABLE `product` (
  `pk_product_id` bigint NOT NULL AUTO_INCREMENT,
  `product_name` varchar(100) CHARACTER SET utf8 COLLATE utf8_bin NOT NULL,
  `default_PWA` varchar(150) CHARACTER SET utf8 COLLATE utf8_bin NOT NULL,
  `product_description` varchar(2000) CHARACTER SET utf8 COLLATE utf8_bin DEFAULT NULL,
  `product_image` varchar(1000) CHARACTER SET utf8 COLLATE utf8_bin DEFAULT NULL,
  `fk_brand_id` bigint DEFAULT NULL,
  `status` tinyint DEFAULT '1',
  `created_by` bigint DEFAULT NULL,
  `created_on` datetime DEFAULT CURRENT_TIMESTAMP,
  `modified_by` bigint DEFAULT NULL,
  `modified_on` datetime DEFAULT CURRENT_TIMESTAMP,
  PRIMARY KEY (`pk_product_id`),
  KEY `fk_brand_p_idx` (`fk_brand_id`),
  CONSTRAINT `fk_brand_p` FOREIGN KEY (`fk_brand_id`) REFERENCES `brand` (`pk_brand_id`)
) ENGINE=InnoDB AUTO_INCREMENT=111 DEFAULT CHARSET=utf8 COLLATE=utf8_bin COMMENT='Product master';

/*Data for the table `product` */

insert  into `product`(`pk_product_id`,`product_name`,`default_PWA`,`product_description`,`product_image`,`fk_brand_id`,`status`,`created_by`,`created_on`,`modified_by`,`modified_on`) values (84,'SUPPORT P.K','https://www.better-global.com/en/product/p-k-2__trashed/','This strain has a strong long-lasting effect, is a mood enhancer and helps relieve  intense pain and relax the body. Reduces stress and increases appetite. Has a dominant sour/spicy flavor with a lemony scent.','1609576080285PK_FLOWER.jpg',70,1,0,'2021-01-02 08:28:01',0,'2021-01-02 08:28:20'),(85,'T20/C4 KING DAVID','https://www.better-global.com/en/product/k-d-2/','This strain has a strong long-term influence, assists in relieving intense pain, relaxes the body, increases appetite and is a mood enhancer. Has a sour/spicy flavor with a fruity scent.','1609576578330akvlkj.jpg',70,1,0,'2021-01-02 08:36:19',0,'2021-01-13 12:04:27'),(86,'Greenerways Antibacterial Hand Soap 16 fl oz, 4-pack','https://www.costco.com/greenerways-antibacterial-hand-soap-16-fl-oz%2C-4-pack.product.100671830.html','Greenerways Antibacterial Hand Soap is formulated without sulfates, parabens, and artificial colors to gently cleanses away dirt and bacteria leaving hands fresh and clean.\n','1609577321490Screen Shot 2021-01-02 at 4.45.59 pm.png',71,1,0,'2021-01-02 08:48:42',0,'2021-01-02 15:29:20'),(87,'Product 1','http://d1x0iq8ltb1k4e.cloudfront.net/#/brands/product-add','This is description for Product 1',NULL,72,1,0,'2021-01-13 13:54:14',0,'2021-01-18 06:02:30'),(88,'Product - 2','http://d1x0iq8ltb1k4e.cloudfront.net/#/brands/product-add','',NULL,72,1,0,'2021-01-18 07:43:52',0,'2021-01-18 19:45:02'),(89,'Product 3','http://d1x0iq8ltb1k4e.cloudfront.net/#/brands/product-add','',NULL,72,1,0,'2021-01-18 07:45:45',0,'2021-01-18 10:24:35'),(90,'Product 4','http://d1x0iq8ltb1k4e.cloudfront.net/#/brands/product-add','',NULL,72,1,0,'2021-01-18 12:47:31',0,'2021-01-18 12:47:31'),(91,'2014 RESERVE TO KALON VINEYARD CABERNET SAUVIGNON OAKVILLE NAPA VALLEY','https://www.robertmondaviwinery.com/product/2014-robert-mondavi-winery-reserve-to-kalon-vineyard-cabernet-sauvignon-oakville-napa-valley','The complexity, power and sophistication of fruit from our To Kalon site, considered a grand cru among Napa Valley vineyards, is on full display in this vineyard-designated Reserve, with sweet dark cherry and richly concentrated blackberry fruits, a savory, earthy complexity, and toasty oak, vanilla and spice which lingers through the luxuriously long finish.','1611003900053Kalon Cab - 2014 Label.jpg',75,1,0,'2021-01-18 18:57:11',0,'2021-03-17 04:37:39'),(92,'Product 5 from user','http://d1x0iq8ltb1k4e.cloudfront.net/#/brands/product-add','',NULL,72,1,0,'2021-01-19 06:55:16',0,'2021-01-19 06:55:16'),(93,'2017 MAESTRO RED BLEND NAPA VALLEY','https://www.robertmondaviwinery.com/product/2017-robert-mondavi-winery-maestro-red-blend-napa-valley','A joyful celebration of all five Bordeaux varietals. Lush black plum, cassis, and cherry aromas intermingle with earthy cinnamon, nutmeg, and cedar with just a touch of vanilla. Round and full, its lovely fruit lasts all the way through to a long finish. The wine has the classic, soulful To Kalon Vineyard structure at its core.','1611067741669Robert Mondavi - Maestro 2017.png',75,1,0,'2021-01-19 14:49:02',0,'2021-01-19 14:49:02'),(94,'Product 6','http://d1x0iq8ltb1k4e.cloudfront.net/#/brands/product-add','Test',NULL,72,1,0,'2021-01-20 08:28:13',0,'2021-01-20 08:28:13'),(95,'TATA Altroz','https://cars.tatamotors.com/cars/altroz','Step inside and be amazed by the modern, intelligent and tastefully crafter interiors. Thanks to Premium leatherette seats, personalized wallpaper, rear AC vents, flat floor design and 90-degree opening doors. When you embark on a journey in this car, you’ll wish your drive lasts long. Experience luxurious comfort every mile of the drive.','1611832888367Tata Altroz Image.png',76,1,0,'2021-01-28 11:21:28',0,'2021-01-28 11:21:28'),(96,'TATA Tiago','https://cars.tatamotors.com/cars/tiago','Intelligent designed utility spaces. Fully Automatic Climate Control , Steering mounted control, Digital Instrument Cluster, Height Adjustable Drivers Seat','1611833487998Tata tiago image.jpg',76,1,0,'2021-01-28 11:27:42',0,'2021-01-28 11:31:28'),(97,'TATA Harrier ','https://cars.tatamotors.com/suv/harrier','Proclaim your entry as the Mighty King with the glorious Harrier CAMO edition. With its breathtaking design, the impeccable attention to each detail and the colour above all, make the world surrender to you, immediately.','1611833624130Tata Harrier Image.jpg',76,1,0,'2021-01-28 11:33:44',0,'2021-04-22 09:57:18'),(98,'Test','http://d1x0iq8ltb1k4e.cloudfront.net/#/brands/product-add','',NULL,76,1,0,'2021-01-28 12:16:51',0,'2021-01-28 12:16:51'),(99,'Product 123','https://www.google.com/','test Description',NULL,72,1,0,'2021-02-09 05:29:28',0,'2021-02-09 05:29:28'),(100,'Long Name for Product Name to Check if limit is exceeding Test  ','https://news.google.com/topstories?hl=en-IN&gl=IN&ceid=IN:en','',NULL,76,1,0,'2021-02-09 08:54:55',0,'2021-02-09 08:54:55'),(101,'asdad','http://demo.proqure.io/#/brands/product-add','',NULL,74,1,0,'2021-02-11 10:27:36',0,'2021-02-11 10:27:36'),(102,'Product 1','https://www.netflix.com/in/login?nextpage=https%3A%2F%2Fwww.netflix.com%2Fbrowse','',NULL,77,1,0,'2021-02-12 10:56:48',0,'2021-02-12 10:56:48'),(103,'Product 2','https://www.netflix.com/in/login?nextpage=https%3A%2F%2Fwww.netflix.com%2Fbrowse','',NULL,77,1,0,'2021-02-12 10:57:07',0,'2021-02-12 10:57:07'),(104,'Product 3','https://www.netflix.com/in/login?nextpage=https%3A%2F%2Fwww.netflix.com%2Fbrowse','',NULL,77,1,0,'2021-02-12 10:57:27',0,'2021-02-12 10:57:27'),(105,'Greenerways Organic Relaxation Body Oil 3 Pack (2oz)','https://greenerways.com/collections/organic-body-oils/products/greenerways-organic-relaxation-body-oil-3-pack-2oz','Greenerways Organic 100% USDA Certified Organic Body Oils are an absolute necessity for healthy and glowing skin without any chemicals or artificial ingredients.  Our phytonutrient-rich body oils are silky, smooth and moisturize your skin without leaving any heavy oily residue. With essential-oils sourced directly from certified organic farms around the world, we are proud to bring you truly seed-to-shelf products. ','1614039485027616Ob7-4KEL._AC_SS450_.jpg',78,1,0,'2021-02-23 00:18:05',0,'2021-04-22 06:15:18'),(106,'Lindor Truffles','https://www.lindt.com.au/lindt-lindor-milk-cornet-333g','','1617067138424product-info.jpeg',79,1,0,'2021-03-24 04:13:38',0,'2021-03-30 01:18:59'),(107,'Penfolds Shiraz 111A','https://www.penfolds.com/en-au/bin-111a-clare-valley-barossa-valley-shiraz-2016-1.5l-magnum-8058378.html','','1617084858169Bin 111A Shiraz 2016.png',80,1,0,'2021-03-30 06:04:01',0,'2021-03-30 06:14:19'),(108,'August Subscription Box','https://menu-fresh.com/products/1','','1618218607327Screenshot (16).png',81,1,0,'2021-04-01 03:42:46',0,'2021-04-12 09:10:08'),(109,'Family Box','https://www.dinnertwist.com.au/order-a-food-box/box-options','Choose how many meals and the frequency of delivery and more','1618990320815Product1932369467.png',82,1,0,'2021-04-21 07:32:02',0,'2021-04-23 11:45:52'),(110,'Android Phones','https://someurl.com','Pixel XL 32 GB',NULL,84,1,0,'2021-04-23 14:39:33',0,'2021-04-23 14:39:33');

/*Table structure for table `pwa_campaign_mapping` */

DROP TABLE IF EXISTS `pwa_campaign_mapping`;

CREATE TABLE `pwa_campaign_mapping` (
  `pk_pwa_campaign_mapping_id` bigint NOT NULL AUTO_INCREMENT,
  `rule_name` bigint NOT NULL,
  `rule_value` json NOT NULL,
  `fk_campaign_id` bigint NOT NULL,
  `status` tinyint DEFAULT '1',
  `created_by` bigint DEFAULT NULL,
  `created_on` datetime NOT NULL DEFAULT CURRENT_TIMESTAMP,
  `modified_by` bigint DEFAULT NULL,
  `modified_on` datetime NOT NULL DEFAULT CURRENT_TIMESTAMP,
  PRIMARY KEY (`pk_pwa_campaign_mapping_id`),
  KEY `fk_campaign_pc_idx` (`fk_campaign_id`),
  KEY `fk_lookup_pc_idx` (`rule_name`),
  CONSTRAINT `fk_campaign_lookup_pwa` FOREIGN KEY (`rule_name`) REFERENCES `lookup` (`pk_lookup_id`),
  CONSTRAINT `fk_campaign_pc` FOREIGN KEY (`fk_campaign_id`) REFERENCES `campaign` (`pk_campaign_id`)
) ENGINE=InnoDB AUTO_INCREMENT=172 DEFAULT CHARSET=utf8 COLLATE=utf8_bin COMMENT='Campaign and PWA mapping';

/*Data for the table `pwa_campaign_mapping` */

insert  into `pwa_campaign_mapping`(`pk_pwa_campaign_mapping_id`,`rule_name`,`rule_value`,`fk_campaign_id`,`status`,`created_by`,`created_on`,`modified_by`,`modified_on`) values (145,13,'[{\"pwa_url\": \"https://www.better-global.com/en/about/\"}, {\"pwa_url\": \"https://www.better-global.com/en/shop/\"}, {\"pwa_url\": \"https://www.better-global.com/en/patients/\"}]',183,1,0,'2021-01-02 09:27:32',0,'2021-01-02 09:31:28'),(146,14,'[{\"pwa_url\": \"https://www.better-global.com/en/knowledge-center/\", \"to_time\": \"06:00PM\", \"from_time\": \"12:12AM\", \"selectAll\": true, \"day_of_week\": [0, 1, 2, 3, 4, 5, 6], \"selectAllTime\": false}]',184,1,0,'2021-01-02 09:48:41',0,'2021-01-02 09:48:41'),(147,13,'[{\"pwa_url\": \"https://accounts.google.com/signin/v2/identifier?continue=https%3A%2F%2Fmail.google.com%2Fmail%2F&service=mail&sacu=1&rip=1&flowName=GlifWebSignIn&flowEntry=ServiceLogin\"}, {\"pwa_url\": \"https://cars.tatamotors.com\"}, {\"pwa_url\": \"https://cars.tatamotors.com/cars/altroz\"}]',185,1,0,'2021-01-18 08:18:30',0,'2021-01-18 11:04:21'),(148,13,'[{\"pwa_url\": \"https://www.bacardi.com/our-rums/\"}]',186,1,0,'2021-01-18 09:43:16',0,'2021-01-18 09:43:16'),(149,13,'[{\"pwa_url\": \"https://www.bacardi.com/our-rums/\"}]',187,1,0,'2021-01-18 10:10:16',0,'2021-01-25 07:02:12'),(150,15,'[{\"state\": \"AK\", \"country\": \"US\", \"pwa_url\": \"http://d1x0iq8ltb1k4e.cloudfront.net/#/brands/campaign-edit/188\"}]',188,1,0,'2021-01-18 14:53:21',0,'2021-01-19 05:24:25'),(151,13,'[{\"pwa_url\": \"https://www.totalwine.com/wine/red-wine/cabernet-sauvignon/robert-mondavi-winery-oakville-cabernet-sauvignon-red-wine/p/9920750\"}, {\"pwa_url\": \"https://www.robertmondaviwinery.com/product/2014-robert-mondavi-winery-reserve-to-kalon-vineyard-cabernet-sauvignon-oakville-napa-valley\"}]',189,1,0,'2021-01-18 21:02:05',0,'2021-01-18 21:02:05'),(152,13,'[{\"pwa_url\": \"https://www.robertmondaviwinery.com/product/2017-robert-mondavi-winery-maestro-red-blend-napa-valley\"}, {\"pwa_url\": \"https://www.robertmondaviwinery.com/\"}, {\"pwa_url\": \"https://www.ecommerce.com/\"}]',190,1,0,'2021-01-19 15:06:32',0,'2021-03-12 06:36:08'),(153,13,'[{\"pwa_url\": \"https://cars.tatamotors.com/cars/altroz\"}, {\"pwa_url\": \"https://www.ril.com/\"}, {\"pwa_url\": \"https://www.futuregroup.in/\"}]',191,1,0,'2021-01-28 11:46:12',0,'2021-02-09 05:33:48'),(154,15,'[{\"state\": \"Gujarat\", \"country\": \"IN\", \"pwa_url\": \"https://www.google.com/\"}]',192,1,0,'2021-02-09 05:13:48',0,'2021-02-09 05:13:48'),(155,13,'[{\"pwa_url\": \"https://news.google.com/topstories?hl=en-IN&gl=IN&ceid=IN:en\"}, {\"pwa_url\": \"https://www.bbc.com/weather/1279233\"}]',193,1,0,'2021-02-09 06:11:17',0,'2021-02-09 06:11:17'),(156,13,'[{\"pwa_url\": \"https://www.flipkart.com/\"}]',194,1,0,'2021-02-09 08:56:26',0,'2021-02-09 08:56:26'),(157,13,'[{\"pwa_url\": \"https://www.flipkart.com/\"}, {\"pwa_url\": \"https://www.bbc.com/weather/1279233\"}, {\"pwa_url\": \"https://www.amazon.in/\"}]',195,1,0,'2021-02-09 12:32:05',0,'2021-02-09 12:32:05'),(158,14,'[{\"pwa_url\": \"https://news.google.com/topstories?hl=en-IN&gl=IN&ceid=IN:en\", \"to_time\": \"03:00PM\", \"from_time\": \"11:00AM\", \"selectAll\": false, \"day_of_week\": [3], \"selectAllTime\": false}, {\"pwa_url\": \"https://www.youtube.com/\", \"to_time\": \"02:30AM\", \"from_time\": \"01:00AM\", \"selectAll\": false, \"day_of_week\": [3], \"selectAllTime\": false}]',196,1,0,'2021-02-09 12:49:27',0,'2021-02-10 06:50:57'),(159,15,'[{\"state\": \"Gujarat\", \"country\": \"IN\", \"pwa_url\": \"https://www.amazon.in/\"}, {\"state\": \"Karnataka\", \"country\": \"IN\", \"pwa_url\": \"https://www.flipkart.com/\"}, {\"state\": \"New York\", \"country\": \"US\", \"pwa_url\": \"https://www.bbc.com/weather/1279233\"}]',197,1,0,'2021-02-09 12:54:01',0,'2021-02-10 06:44:29'),(160,13,'[{\"pwa_url\": \"https://cars.tatamotors.com/cars/altroz\"}]',198,1,0,'2021-02-11 10:28:23',0,'2021-02-11 10:28:23'),(161,13,'[{\"pwa_url\": \"https://www.gmail.com\"}, {\"pwa_url\": \"https://www.ril.com/\"}]',199,1,0,'2021-02-12 10:58:51',0,'2021-02-12 11:07:27'),(162,13,'[{\"pwa_url\": \"https://greenerways.com/collections/organic-body-oils/products/greenerways-organic-relaxation-body-oil-3-pack-2oz\"}, {\"pwa_url\": \"https://greenerways.com/collections/website-exclusive-bundles\"}]',200,1,0,'2021-02-23 00:25:39',0,'2021-02-23 00:25:39'),(163,13,'[{\"pwa_url\": \"https://edu-app.proqure.io/brand/lindt/product/1/\"}, {\"pwa_url\": \"https://quiz-app.proqure.io/brand/lindt/product/1\"}]',201,1,0,'2021-03-24 04:16:00',0,'2021-03-30 03:33:21'),(164,13,'[{\"pwa_url\": \"https://www.youtube.com/watch?v=dQw4w9WgXcQ\"}]',202,1,0,'2021-03-30 02:35:56',0,'2021-04-11 04:07:24'),(165,13,'[{\"pwa_url\": \"https://quiz-app.proqure.io/brand/lindt/product/1/\"}]',203,1,0,'2021-03-30 03:27:44',0,'2021-03-30 03:27:44'),(166,13,'[{\"pwa_url\": \"https://edu-app.proqure.io/brand/penfolds/product/1/home\"}]',204,1,0,'2021-03-30 06:05:37',0,'2021-03-30 06:05:37'),(167,13,'[{\"pwa_url\": \"https://brand-integrity-app.proqure.io/brand/penfolds/product/1\"}]',205,1,0,'2021-03-30 06:11:34',0,'2021-03-30 06:11:34'),(168,13,'[{\"pwa_url\": \"https://develop.d1vntnwrezh805.amplifyapp.com/\"}]',206,1,0,'2021-04-01 03:44:35',0,'2021-04-01 08:40:20'),(169,13,'[{\"pwa_url\": \"https://test-golden-ticket-app.proqure.io/\"}]',207,1,0,'2021-04-21 07:38:28',0,'2021-04-21 07:38:28'),(170,13,'[{\"pwa_url\": \"http://google.com\"}]',208,1,0,'2021-04-22 09:53:46',0,'2021-04-22 09:53:46'),(171,13,'[{\"pwa_url\": \"https://www.totalwine.com/wine/red-wine/cabernet-sauvignon/robert-mondavi-winery-oakville-cabernet-sauvignon-red-wine/p/9920750\"}]',209,1,0,'2021-04-23 14:47:45',0,'2021-04-23 14:47:45');

/*Table structure for table `role` */

DROP TABLE IF EXISTS `role`;

CREATE TABLE `role` (
  `pk_role_id` bigint NOT NULL AUTO_INCREMENT,
  `role` varchar(45) CHARACTER SET utf8 COLLATE utf8_bin DEFAULT NULL,
  `role_name` varchar(100) CHARACTER SET utf8 COLLATE utf8_bin DEFAULT NULL,
  `status` tinyint NOT NULL DEFAULT '1',
  `created_by` bigint DEFAULT NULL,
  `created_on` datetime DEFAULT CURRENT_TIMESTAMP,
  `modified_by` bigint DEFAULT NULL,
  `modified_on` datetime DEFAULT CURRENT_TIMESTAMP,
  PRIMARY KEY (`pk_role_id`)
) ENGINE=InnoDB AUTO_INCREMENT=4 DEFAULT CHARSET=utf8 COLLATE=utf8_bin COMMENT='Role master';

/*Data for the table `role` */

insert  into `role`(`pk_role_id`,`role`,`role_name`,`status`,`created_by`,`created_on`,`modified_by`,`modified_on`) values (1,'account_manager','Account Manager',1,0,'2020-10-19 12:56:13',0,'2020-10-19 12:56:13'),(2,'creator','Creator',1,0,'2020-12-04 06:07:21',0,'2020-12-04 06:07:21'),(3,'admin','Admin',1,0,'2020-12-04 06:07:21',0,'2020-12-04 06:07:21');

/*Table structure for table `roll` */

DROP TABLE IF EXISTS `roll`;

CREATE TABLE `roll` (
  `pk_roll_id` bigint unsigned NOT NULL AUTO_INCREMENT,
  `fk_tag_master_id` bigint unsigned NOT NULL,
  `vendor_roll` varchar(45) CHARACTER SET utf8mb4 COLLATE utf8mb4_bin NOT NULL,
  `total_tag` int unsigned NOT NULL,
  `fk_brand_id` bigint DEFAULT NULL,
  `fk_campaign_id` bigint DEFAULT NULL,
  `status` tinyint DEFAULT '1',
  `created_by` bigint DEFAULT NULL,
  `created_on` timestamp NOT NULL DEFAULT CURRENT_TIMESTAMP,
  `modified_by` bigint DEFAULT NULL,
  `modified_on` timestamp NOT NULL DEFAULT CURRENT_TIMESTAMP ON UPDATE CURRENT_TIMESTAMP,
  PRIMARY KEY (`pk_roll_id`),
  UNIQUE KEY `vendor_roll_UNIQUE` (`vendor_roll`),
  KEY `fk_tag_master_id_idx` (`fk_tag_master_id`),
  KEY `fk_brand_id_idx` (`fk_brand_id`),
  KEY `fk_campaign_id_idx` (`fk_campaign_id`),
  CONSTRAINT `fk_brand_id` FOREIGN KEY (`fk_brand_id`) REFERENCES `brand` (`pk_brand_id`),
  CONSTRAINT `fk_campaign_id` FOREIGN KEY (`fk_campaign_id`) REFERENCES `campaign` (`pk_campaign_id`),
  CONSTRAINT `fk_tag_master_id` FOREIGN KEY (`fk_tag_master_id`) REFERENCES `tag_master` (`pk_tag_master_id`)
) ENGINE=InnoDB AUTO_INCREMENT=591 DEFAULT CHARSET=utf8mb4 COLLATE=utf8mb4_bin;

/*Data for the table `roll` */

insert  into `roll`(`pk_roll_id`,`fk_tag_master_id`,`vendor_roll`,`total_tag`,`fk_brand_id`,`fk_campaign_id`,`status`,`created_by`,`created_on`,`modified_by`,`modified_on`) values (68,1,'roll_12345738',9,70,183,1,NULL,'2020-12-21 07:07:25',NULL,'2021-03-29 08:59:50'),(69,1,'roll_12345739',9,72,187,1,NULL,'2020-12-21 07:07:25',NULL,'2021-01-25 07:02:06'),(70,1,'roll_12345740',9,71,NULL,1,NULL,'2020-12-21 07:07:25',NULL,'2021-01-02 08:53:09'),(71,1,'roll_12345741',9,72,185,1,NULL,'2020-12-21 07:07:25',NULL,'2021-01-18 11:04:00'),(72,1,'roll_12345742',9,72,188,1,NULL,'2020-12-21 07:07:25',NULL,'2021-01-19 06:12:16'),(73,1,'roll_12345743',9,71,NULL,1,NULL,'2020-12-21 07:07:25',NULL,'2021-01-02 08:53:09'),(74,1,'roll_12345744',9,72,192,1,NULL,'2020-12-21 07:07:25',NULL,'2021-02-09 05:13:49'),(75,1,'roll_12345745',9,75,189,1,NULL,'2020-12-21 07:07:25',NULL,'2021-01-19 05:32:16'),(76,1,'roll_12345746',9,75,190,1,NULL,'2020-12-21 07:07:25',NULL,'2021-03-17 04:39:15'),(77,1,'roll_12345747',9,76,191,1,NULL,'2020-12-21 07:07:25',NULL,'2021-02-09 05:33:43'),(78,1,'roll_12345748',9,76,193,1,NULL,'2020-12-21 07:07:25',NULL,'2021-02-09 06:11:17'),(79,1,'roll_12345749',9,76,194,1,NULL,'2020-12-21 07:07:25',NULL,'2021-02-09 08:56:27'),(80,1,'roll_12345750',9,72,195,1,NULL,'2020-12-21 07:07:25',NULL,'2021-02-09 12:32:05'),(81,1,'roll_12345751',9,73,NULL,1,NULL,'2020-12-21 07:07:25',NULL,'2021-02-11 10:18:45'),(82,1,'roll_12345752',9,72,196,1,NULL,'2020-12-21 07:07:25',NULL,'2021-02-10 06:50:18'),(83,1,'roll_12345753',9,72,197,1,NULL,'2020-12-21 07:07:25',NULL,'2021-02-10 06:44:03'),(84,1,'roll_12345754',9,77,199,1,NULL,'2020-12-21 07:07:25',NULL,'2021-02-12 11:07:23'),(85,1,'roll_12345755',9,77,NULL,1,NULL,'2020-12-21 07:07:25',NULL,'2021-02-12 11:17:54'),(86,1,'roll_12345756',9,78,200,1,NULL,'2020-12-21 07:07:25',NULL,'2021-02-23 00:25:40'),(87,1,'roll_12345757',9,74,198,1,NULL,'2020-12-21 07:07:25',NULL,'2021-02-11 10:28:24'),(88,1,'roll_12345758',9,82,207,1,NULL,'2020-12-21 07:07:25',NULL,'2021-04-21 07:38:29'),(89,1,'roll_12345759',9,82,207,1,NULL,'2020-12-21 07:07:25',NULL,'2021-04-21 07:38:29'),(90,1,'roll_12345760',9,78,NULL,1,NULL,'2020-12-21 07:07:25',NULL,'2021-02-23 00:11:05'),(91,1,'roll_12345761',9,84,209,1,NULL,'2020-12-21 07:07:25',NULL,'2021-04-23 14:47:46'),(92,1,'roll_12345762',9,NULL,NULL,1,NULL,'2020-12-21 07:07:25',NULL,'2020-12-21 07:12:19'),(93,1,'roll_12345763',9,NULL,NULL,1,NULL,'2020-12-21 07:07:25',NULL,'2020-12-21 07:12:19'),(94,1,'roll_12345764',9,NULL,NULL,1,NULL,'2020-12-21 07:07:25',NULL,'2020-12-21 07:12:19'),(95,1,'roll_12345765',9,82,208,1,NULL,'2020-12-21 07:07:25',NULL,'2021-04-23 09:53:40'),(96,1,'roll_12345766',9,NULL,NULL,1,NULL,'2020-12-21 07:07:25',NULL,'2020-12-21 07:12:19'),(97,1,'roll_12345767',9,NULL,NULL,1,NULL,'2020-12-21 07:07:25',NULL,'2020-12-21 07:12:19'),(98,1,'roll_12345768',9,NULL,NULL,1,NULL,'2020-12-21 07:07:25',NULL,'2020-12-21 07:12:19'),(99,1,'roll_12345769',9,NULL,NULL,1,NULL,'2020-12-21 07:07:25',NULL,'2020-12-21 07:12:19'),(100,1,'roll_12345770',9,NULL,NULL,1,NULL,'2020-12-21 07:07:25',NULL,'2020-12-21 07:12:19'),(101,1,'roll_12345771',9,NULL,NULL,1,NULL,'2020-12-21 07:07:25',NULL,'2020-12-21 07:12:19'),(102,1,'roll_12345772',9,NULL,NULL,1,NULL,'2020-12-21 07:07:25',NULL,'2020-12-21 07:12:19'),(103,1,'roll_12345773',9,NULL,NULL,1,NULL,'2020-12-21 07:07:25',NULL,'2020-12-21 07:12:19'),(104,1,'roll_12345774',9,NULL,NULL,1,NULL,'2020-12-21 07:07:25',NULL,'2020-12-21 07:12:19'),(105,1,'roll_12345775',9,NULL,NULL,1,NULL,'2020-12-21 07:07:25',NULL,'2020-12-21 07:12:19'),(106,1,'roll_12345776',9,NULL,NULL,1,NULL,'2020-12-21 07:07:25',NULL,'2020-12-21 07:12:19'),(107,1,'roll_12345777',9,NULL,NULL,1,NULL,'2020-12-21 07:07:25',NULL,'2020-12-21 07:12:19'),(108,1,'roll_12345778',9,NULL,NULL,1,NULL,'2020-12-21 07:07:25',NULL,'2020-12-21 07:12:19'),(109,1,'roll_12345779',9,NULL,NULL,1,NULL,'2020-12-21 07:07:25',NULL,'2020-12-21 07:12:19'),(110,1,'roll_12345780',9,NULL,NULL,1,NULL,'2020-12-21 07:07:25',NULL,'2020-12-21 07:12:19'),(111,1,'roll_12345781',9,NULL,NULL,1,NULL,'2020-12-21 07:07:25',NULL,'2020-12-21 07:12:19'),(112,1,'roll_12345782',9,NULL,NULL,1,NULL,'2020-12-21 07:07:25',NULL,'2020-12-21 07:12:19'),(113,1,'roll_12345783',9,NULL,NULL,1,NULL,'2020-12-21 07:07:25',NULL,'2020-12-21 07:12:19'),(114,1,'roll_12345784',9,NULL,NULL,1,NULL,'2020-12-21 07:07:25',NULL,'2020-12-21 07:12:19'),(115,1,'roll_12345785',9,NULL,NULL,1,NULL,'2020-12-21 07:07:25',NULL,'2020-12-21 07:12:19'),(116,1,'roll_12345786',9,NULL,NULL,1,NULL,'2020-12-21 07:07:25',NULL,'2020-12-21 07:12:19'),(117,1,'roll_12345787',9,NULL,NULL,1,NULL,'2020-12-21 07:07:25',NULL,'2020-12-21 07:12:19'),(118,1,'roll_12345788',9,NULL,NULL,1,NULL,'2020-12-21 07:07:25',NULL,'2020-12-21 07:12:19'),(119,1,'roll_12345789',9,NULL,NULL,1,NULL,'2020-12-21 07:07:25',NULL,'2020-12-21 07:12:19'),(120,1,'roll_12345790',9,NULL,NULL,1,NULL,'2020-12-21 07:07:25',NULL,'2020-12-21 07:12:19'),(121,1,'roll_12345791',9,NULL,NULL,1,NULL,'2020-12-21 07:07:25',NULL,'2020-12-21 07:12:19'),(122,1,'roll_12345792',9,NULL,NULL,1,NULL,'2020-12-21 07:07:25',NULL,'2020-12-21 07:12:19'),(123,1,'roll_12345793',9,NULL,NULL,1,NULL,'2020-12-21 07:07:25',NULL,'2020-12-21 07:12:19'),(124,1,'roll_12345794',9,NULL,NULL,1,NULL,'2020-12-21 07:07:25',NULL,'2020-12-21 07:12:19'),(125,1,'roll_12345795',9,NULL,NULL,1,NULL,'2020-12-21 07:07:25',NULL,'2020-12-21 07:12:19'),(126,1,'roll_12345796',9,NULL,NULL,1,NULL,'2020-12-21 07:07:25',NULL,'2020-12-21 07:12:19'),(127,1,'roll_12345797',9,NULL,NULL,1,NULL,'2020-12-21 07:07:25',NULL,'2020-12-21 07:12:19'),(128,1,'roll_12345798',9,NULL,NULL,1,NULL,'2020-12-21 07:07:25',NULL,'2020-12-21 07:12:19'),(129,1,'roll_12345799',9,NULL,NULL,1,NULL,'2020-12-21 07:07:25',NULL,'2020-12-21 07:12:19'),(134,1,'roll_12345804',9,NULL,NULL,1,NULL,'2020-12-21 07:07:25',NULL,'2020-12-21 07:12:19'),(135,1,'roll_12345805',9,NULL,NULL,1,NULL,'2020-12-21 07:07:25',NULL,'2020-12-21 07:12:19'),(136,1,'roll_12345806',9,NULL,NULL,1,NULL,'2020-12-21 07:07:25',NULL,'2020-12-21 07:12:19'),(137,1,'roll_12345807',9,NULL,NULL,1,NULL,'2020-12-21 07:07:25',NULL,'2020-12-21 07:12:19'),(138,1,'roll_12345808',9,NULL,NULL,1,NULL,'2020-12-21 07:07:25',NULL,'2020-12-21 07:12:19'),(139,1,'roll_12345809',9,NULL,NULL,1,NULL,'2020-12-21 07:07:25',NULL,'2020-12-21 07:12:19'),(140,1,'roll_12345810',9,NULL,NULL,1,NULL,'2020-12-21 07:07:25',NULL,'2020-12-21 07:12:19'),(144,1,'roll_12345814',9,NULL,NULL,1,NULL,'2020-12-21 07:07:25',NULL,'2020-12-21 07:12:19'),(145,1,'roll_12345815',9,NULL,NULL,1,NULL,'2020-12-21 07:07:25',NULL,'2020-12-21 07:12:19'),(146,1,'roll_12345816',9,NULL,NULL,1,NULL,'2020-12-21 07:07:25',NULL,'2020-12-21 07:12:19'),(147,1,'roll_12345817',9,NULL,NULL,1,NULL,'2020-12-21 07:07:25',NULL,'2020-12-21 07:12:19'),(148,1,'roll_12345818',9,NULL,NULL,1,NULL,'2020-12-21 07:07:25',NULL,'2020-12-21 07:12:19'),(149,1,'roll_12345819',9,NULL,NULL,1,NULL,'2020-12-21 07:07:25',NULL,'2020-12-21 07:12:19'),(150,1,'roll_12345820',9,NULL,NULL,1,NULL,'2020-12-21 07:07:25',NULL,'2020-12-21 07:12:19'),(151,1,'roll_12345821',9,NULL,NULL,1,NULL,'2020-12-21 07:07:25',NULL,'2020-12-21 07:12:19'),(152,1,'roll_12345822',9,NULL,NULL,1,NULL,'2020-12-21 07:07:25',NULL,'2020-12-21 07:12:19'),(153,1,'roll_12345823',9,NULL,NULL,1,NULL,'2020-12-21 07:07:25',NULL,'2020-12-21 07:12:19'),(154,1,'roll_12345824',9,NULL,NULL,1,NULL,'2020-12-21 07:07:25',NULL,'2020-12-21 07:12:19'),(155,1,'roll_12345825',9,NULL,NULL,1,NULL,'2020-12-21 07:07:25',NULL,'2020-12-21 07:12:19'),(156,1,'roll_12345826',9,NULL,NULL,1,NULL,'2020-12-21 07:07:25',NULL,'2020-12-21 07:12:19'),(170,1,'roll_12345840',9,NULL,NULL,1,NULL,'2020-12-21 07:07:25',NULL,'2020-12-21 07:12:19'),(171,1,'roll_12345841',9,NULL,NULL,1,NULL,'2020-12-21 07:07:25',NULL,'2020-12-21 07:12:19'),(172,1,'roll_12345842',9,NULL,NULL,1,NULL,'2020-12-21 07:07:25',NULL,'2020-12-21 07:12:19'),(173,1,'roll_12345843',9,NULL,NULL,1,NULL,'2020-12-21 07:07:25',NULL,'2020-12-21 07:12:19'),(174,1,'roll_12345844',9,NULL,NULL,1,NULL,'2020-12-21 07:07:25',NULL,'2020-12-21 07:12:19'),(175,1,'roll_12345845',9,NULL,NULL,1,NULL,'2020-12-21 07:07:25',NULL,'2020-12-21 07:12:19'),(176,1,'roll_12345846',9,NULL,NULL,1,NULL,'2020-12-21 07:07:25',NULL,'2020-12-21 07:12:19'),(177,1,'roll_12345847',9,NULL,NULL,1,NULL,'2020-12-21 07:07:25',NULL,'2020-12-21 07:12:19'),(178,1,'roll_12345848',9,NULL,NULL,1,NULL,'2020-12-21 07:07:25',NULL,'2020-12-21 07:12:19'),(179,1,'roll_12345849',9,NULL,NULL,1,NULL,'2020-12-21 07:07:25',NULL,'2020-12-21 07:12:19'),(180,1,'roll_12345850',9,NULL,NULL,1,NULL,'2020-12-21 07:07:25',NULL,'2020-12-21 07:12:19'),(181,1,'roll_12345851',9,NULL,NULL,1,NULL,'2020-12-21 07:07:25',NULL,'2020-12-21 07:12:19'),(182,1,'roll_12345852',9,NULL,NULL,1,NULL,'2020-12-21 07:07:25',NULL,'2020-12-21 07:12:19'),(183,1,'roll_12345853',9,NULL,NULL,1,NULL,'2020-12-21 07:07:25',NULL,'2020-12-21 07:12:19'),(184,1,'roll_12345854',9,NULL,NULL,1,NULL,'2020-12-21 07:07:25',NULL,'2020-12-21 07:12:19'),(185,1,'roll_12345855',9,NULL,NULL,1,NULL,'2020-12-21 07:07:25',NULL,'2020-12-21 07:12:19'),(186,1,'roll_12345856',9,NULL,NULL,1,NULL,'2020-12-21 07:07:25',NULL,'2020-12-21 07:12:19'),(187,1,'roll_12345857',9,83,NULL,1,NULL,'2020-12-21 07:07:25',NULL,'2021-04-23 09:15:18'),(188,1,'roll_12345858',9,83,NULL,1,NULL,'2020-12-21 07:07:25',NULL,'2021-04-23 09:15:18'),(189,1,'roll_12345859',9,NULL,NULL,1,NULL,'2020-12-21 07:07:25',NULL,'2020-12-21 07:12:19'),(190,1,'roll_12345860',9,NULL,NULL,1,NULL,'2020-12-21 07:07:25',NULL,'2020-12-21 07:12:19'),(191,1,'roll_12345861',9,NULL,NULL,1,NULL,'2020-12-21 07:07:25',NULL,'2020-12-21 07:12:19'),(192,1,'roll_12345862',9,NULL,NULL,1,NULL,'2020-12-21 07:07:25',NULL,'2020-12-21 07:12:19'),(193,1,'roll_12345863',9,NULL,NULL,1,NULL,'2020-12-21 07:07:25',NULL,'2020-12-21 07:12:19'),(194,1,'roll_12345864',9,NULL,NULL,1,NULL,'2020-12-21 07:07:25',NULL,'2020-12-21 07:12:19'),(195,1,'roll_12345865',9,NULL,NULL,1,NULL,'2020-12-21 07:07:25',NULL,'2020-12-21 07:12:19'),(196,1,'roll_12345866',9,NULL,NULL,1,NULL,'2020-12-21 07:07:25',NULL,'2020-12-21 07:12:19'),(197,1,'roll_12345867',9,NULL,NULL,1,NULL,'2020-12-21 07:07:25',NULL,'2020-12-21 07:12:19'),(198,1,'roll_12345868',9,NULL,NULL,1,NULL,'2020-12-21 07:07:25',NULL,'2020-12-21 07:12:19'),(199,1,'roll_12345869',9,NULL,NULL,1,NULL,'2020-12-21 07:07:25',NULL,'2020-12-21 07:12:19'),(200,1,'roll_12345870',9,NULL,NULL,1,NULL,'2020-12-21 07:07:25',NULL,'2020-12-21 07:12:19'),(201,1,'roll_12345871',9,NULL,NULL,1,NULL,'2020-12-21 07:07:25',NULL,'2020-12-21 07:12:19'),(202,1,'roll_12345872',9,NULL,NULL,1,NULL,'2020-12-21 07:07:25',NULL,'2020-12-21 07:12:19'),(203,1,'roll_12345873',9,NULL,NULL,1,NULL,'2020-12-21 07:07:25',NULL,'2020-12-21 07:12:19'),(204,1,'roll_12345874',9,NULL,NULL,1,NULL,'2020-12-21 07:07:25',NULL,'2020-12-21 07:12:19'),(205,1,'roll_12345875',9,NULL,NULL,1,NULL,'2020-12-21 07:07:25',NULL,'2020-12-21 07:12:19'),(206,1,'roll_12345876',9,NULL,NULL,1,NULL,'2020-12-21 07:07:25',NULL,'2020-12-21 07:12:19'),(207,1,'roll_12345877',9,NULL,NULL,1,NULL,'2020-12-21 07:07:25',NULL,'2020-12-21 07:12:19'),(208,1,'roll_12345878',9,NULL,NULL,1,NULL,'2020-12-21 07:07:25',NULL,'2020-12-21 07:12:19'),(209,1,'roll_12345879',9,NULL,NULL,1,NULL,'2020-12-21 07:07:25',NULL,'2020-12-21 07:12:19'),(210,1,'roll_12345880',9,NULL,NULL,1,NULL,'2020-12-21 07:07:25',NULL,'2020-12-21 07:12:19'),(211,1,'roll_12345881',9,NULL,NULL,1,NULL,'2020-12-21 07:07:25',NULL,'2020-12-21 07:12:19'),(212,1,'roll_12345882',9,NULL,NULL,1,NULL,'2020-12-21 07:07:25',NULL,'2020-12-21 07:12:19'),(213,1,'roll_12345883',9,NULL,NULL,1,NULL,'2020-12-21 07:07:25',NULL,'2020-12-21 07:12:19'),(214,1,'roll_12345884',9,NULL,NULL,1,NULL,'2020-12-21 07:07:25',NULL,'2020-12-21 07:12:19'),(215,1,'roll_12345885',9,NULL,NULL,1,NULL,'2020-12-21 07:07:25',NULL,'2020-12-21 07:12:19'),(216,1,'roll_12345886',9,NULL,NULL,1,NULL,'2020-12-21 07:07:25',NULL,'2020-12-21 07:12:19'),(217,1,'roll_12345887',9,NULL,NULL,1,NULL,'2020-12-21 07:07:25',NULL,'2020-12-21 07:12:19'),(218,1,'roll_12345888',9,NULL,NULL,1,NULL,'2020-12-21 07:07:25',NULL,'2020-12-21 07:12:19'),(219,1,'roll_12345889',9,NULL,NULL,1,NULL,'2020-12-21 07:07:25',NULL,'2020-12-21 07:12:19'),(220,1,'roll_12345890',9,NULL,NULL,1,NULL,'2020-12-21 07:07:25',NULL,'2020-12-21 07:12:19'),(441,4,'EDU_001',98,79,201,1,NULL,'2021-03-19 14:44:37',NULL,'2021-03-30 03:33:16'),(442,4,'EDU_002',99,79,202,1,NULL,'2021-03-19 14:44:37',NULL,'2021-03-30 02:35:57'),(443,4,'EDU_003',99,79,203,1,NULL,'2021-03-19 14:44:37',NULL,'2021-03-30 03:27:12'),(444,4,'EDU_004',96,NULL,NULL,1,NULL,'2021-03-19 14:44:37',NULL,'2021-03-30 01:13:39'),(445,4,'EDU_005',100,NULL,NULL,1,NULL,'2021-03-19 14:44:37',NULL,'2021-03-30 01:13:39'),(446,4,'EDU_006',100,NULL,NULL,1,NULL,'2021-03-19 14:44:37',NULL,'2021-03-30 01:13:39'),(447,4,'EDU_007',100,NULL,NULL,1,NULL,'2021-03-19 14:44:37',NULL,'2021-03-30 01:13:39'),(448,4,'EDU_008',99,NULL,NULL,1,NULL,'2021-03-19 14:44:37',NULL,'2021-03-30 01:13:39'),(449,4,'EDU_009',98,NULL,NULL,1,NULL,'2021-03-19 14:44:37',NULL,'2021-03-30 01:13:39'),(450,4,'EDU_010',99,NULL,NULL,1,NULL,'2021-03-19 14:44:37',NULL,'2021-03-30 01:13:39'),(451,4,'EDU_011',97,NULL,NULL,1,NULL,'2021-03-19 14:44:37',NULL,'2021-03-30 01:13:39'),(452,4,'EDU_012',99,NULL,NULL,1,NULL,'2021-03-19 14:44:37',NULL,'2021-03-30 01:13:39'),(453,4,'EDU_013',100,NULL,NULL,1,NULL,'2021-03-19 14:44:37',NULL,'2021-03-30 01:13:39'),(454,4,'EDU_014',98,NULL,NULL,1,NULL,'2021-03-19 14:44:37',NULL,'2021-03-30 01:13:39'),(455,4,'EDU_015',99,NULL,NULL,1,NULL,'2021-03-19 14:44:37',NULL,'2021-03-30 01:13:39'),(456,4,'EDU_016',99,NULL,NULL,1,NULL,'2021-03-19 14:44:37',NULL,'2021-03-30 01:13:39'),(457,4,'EDU_017',100,NULL,NULL,1,NULL,'2021-03-19 14:44:37',NULL,'2021-03-30 01:13:39'),(458,4,'EDU_018',99,NULL,NULL,1,NULL,'2021-03-19 14:44:37',NULL,'2021-03-30 01:13:39'),(459,4,'EDU_019',98,NULL,NULL,1,NULL,'2021-03-19 14:44:37',NULL,'2021-03-30 01:13:39'),(460,4,'EDU_020',99,NULL,NULL,1,NULL,'2021-03-19 14:44:37',NULL,'2021-03-30 01:13:39'),(461,4,'EDU_021',99,NULL,NULL,1,NULL,'2021-03-19 14:44:37',NULL,'2021-03-30 01:13:39'),(462,4,'EDU_022',97,NULL,NULL,1,NULL,'2021-03-19 14:44:37',NULL,'2021-03-30 01:13:39'),(463,4,'EDU_023',97,NULL,NULL,1,NULL,'2021-03-19 14:44:37',NULL,'2021-03-30 01:13:39'),(464,4,'EDU_024',100,NULL,NULL,1,NULL,'2021-03-19 14:44:37',NULL,'2021-03-30 01:13:39'),(465,4,'EDU_025',98,NULL,NULL,1,NULL,'2021-03-19 14:44:37',NULL,'2021-03-30 01:13:39'),(466,4,'EDU_026',99,NULL,NULL,1,NULL,'2021-03-19 14:44:37',NULL,'2021-03-30 01:13:39'),(467,4,'EDU_027',98,NULL,NULL,1,NULL,'2021-03-19 14:44:37',NULL,'2021-03-30 01:13:39'),(468,4,'EDU_028',100,NULL,NULL,1,NULL,'2021-03-19 14:44:37',NULL,'2021-03-30 01:13:39'),(469,4,'EDU_029',100,NULL,NULL,1,NULL,'2021-03-19 14:44:37',NULL,'2021-03-30 01:13:39'),(470,4,'EDU_030',97,NULL,NULL,1,NULL,'2021-03-19 14:44:37',NULL,'2021-03-30 01:13:39'),(471,4,'EDU_031',97,NULL,NULL,1,NULL,'2021-03-19 14:44:37',NULL,'2021-03-30 01:13:39'),(472,4,'EDU_032',98,NULL,NULL,1,NULL,'2021-03-19 14:44:37',NULL,'2021-03-30 01:13:39'),(473,4,'EDU_033',96,NULL,NULL,1,NULL,'2021-03-19 14:44:37',NULL,'2021-03-30 01:13:39'),(474,4,'EDU_034',98,NULL,NULL,1,NULL,'2021-03-19 14:44:37',NULL,'2021-03-30 01:13:39'),(475,4,'EDU_035',100,NULL,NULL,1,NULL,'2021-03-19 14:44:37',NULL,'2021-03-30 01:13:39'),(476,4,'EDU_036',100,NULL,NULL,1,NULL,'2021-03-19 14:44:37',NULL,'2021-03-30 01:13:39'),(477,4,'EDU_037',100,NULL,NULL,1,NULL,'2021-03-19 14:44:37',NULL,'2021-03-30 01:13:39'),(478,4,'EDU_038',100,NULL,NULL,1,NULL,'2021-03-19 14:44:37',NULL,'2021-03-30 01:13:39'),(479,4,'EDU_039',99,NULL,NULL,1,NULL,'2021-03-19 14:44:37',NULL,'2021-03-30 01:13:39'),(480,4,'EDU_040',98,NULL,NULL,1,NULL,'2021-03-19 14:44:37',NULL,'2021-03-30 01:13:39'),(481,4,'EDU_041',99,NULL,NULL,1,NULL,'2021-03-19 14:44:37',NULL,'2021-03-30 01:13:39'),(482,4,'EDU_042',97,NULL,NULL,1,NULL,'2021-03-19 14:44:37',NULL,'2021-03-30 01:13:39'),(483,4,'EDU_043',98,NULL,NULL,1,NULL,'2021-03-19 14:44:37',NULL,'2021-03-30 01:15:17'),(484,4,'EDU_044',98,NULL,NULL,1,NULL,'2021-03-19 14:44:37',NULL,'2021-03-30 01:15:17'),(485,4,'EDU_045',99,NULL,NULL,1,NULL,'2021-03-19 14:44:37',NULL,'2021-03-30 01:15:17'),(486,4,'EDU_046',99,NULL,NULL,1,NULL,'2021-03-19 14:44:37',NULL,'2021-03-30 01:15:17'),(487,4,'EDU_047',100,NULL,NULL,1,NULL,'2021-03-19 14:44:37',NULL,'2021-03-30 01:15:17'),(488,4,'EDU_048',99,NULL,NULL,1,NULL,'2021-03-19 14:44:37',NULL,'2021-03-30 01:15:17'),(489,4,'EDU_049',100,NULL,NULL,1,NULL,'2021-03-19 14:44:37',NULL,'2021-03-30 01:15:17'),(490,4,'EDU_050',98,NULL,NULL,1,NULL,'2021-03-19 14:44:37',NULL,'2021-03-30 01:15:17'),(491,4,'INT_001',96,80,204,1,NULL,'2021-03-19 14:44:37',NULL,'2021-03-30 06:05:38'),(492,4,'INT_002',100,80,205,1,NULL,'2021-03-19 14:44:37',NULL,'2021-03-30 06:10:48'),(493,4,'INT_003',99,80,NULL,1,NULL,'2021-03-19 14:44:37',NULL,'2021-03-30 05:57:00'),(494,4,'INT_004',99,NULL,NULL,1,NULL,'2021-03-19 14:44:37',NULL,'2021-03-30 01:15:17'),(495,4,'INT_005',100,NULL,NULL,1,NULL,'2021-03-19 14:44:37',NULL,'2021-03-30 01:15:17'),(496,4,'INT_006',100,NULL,NULL,1,NULL,'2021-03-19 14:44:37',NULL,'2021-03-30 01:15:17'),(497,4,'INT_007',99,NULL,NULL,1,NULL,'2021-03-19 14:44:37',NULL,'2021-03-30 01:15:17'),(498,4,'INT_008',99,NULL,NULL,1,NULL,'2021-03-19 14:44:37',NULL,'2021-03-30 01:15:17'),(499,4,'INT_009',100,NULL,NULL,1,NULL,'2021-03-19 14:44:37',NULL,'2021-03-30 01:15:17'),(500,4,'INT_010',100,NULL,NULL,1,NULL,'2021-03-19 14:44:37',NULL,'2021-03-30 01:15:17'),(501,4,'INT_011',99,NULL,NULL,1,NULL,'2021-03-19 14:44:37',NULL,'2021-03-30 01:15:17'),(502,4,'INT_012',97,NULL,NULL,1,NULL,'2021-03-19 14:44:37',NULL,'2021-03-30 01:15:17'),(503,4,'INT_013',99,NULL,NULL,1,NULL,'2021-03-19 14:44:37',NULL,'2021-03-30 01:15:17'),(504,4,'INT_014',99,NULL,NULL,1,NULL,'2021-03-19 14:44:37',NULL,'2021-03-30 01:15:17'),(505,4,'INT_015',98,NULL,NULL,1,NULL,'2021-03-19 14:44:37',NULL,'2021-03-30 01:15:17'),(506,4,'INT_016',100,NULL,NULL,1,NULL,'2021-03-19 14:44:37',NULL,'2021-03-30 01:15:17'),(507,4,'INT_017',99,NULL,NULL,1,NULL,'2021-03-19 14:44:37',NULL,'2021-03-30 01:15:17'),(508,4,'INT_018',100,NULL,NULL,1,NULL,'2021-03-19 14:44:37',NULL,'2021-03-30 01:15:17'),(509,4,'INT_019',100,NULL,NULL,1,NULL,'2021-03-19 14:44:37',NULL,'2021-03-30 01:15:17'),(510,4,'INT_020',99,NULL,NULL,1,NULL,'2021-03-19 14:44:37',NULL,'2021-03-30 01:15:17'),(511,4,'INT_021',99,NULL,NULL,1,NULL,'2021-03-19 14:44:37',NULL,'2021-03-30 01:15:17'),(512,4,'INT_022',97,NULL,NULL,1,NULL,'2021-03-19 14:44:37',NULL,'2021-03-30 01:15:17'),(513,4,'INT_023',100,NULL,NULL,1,NULL,'2021-03-19 14:44:37',NULL,'2021-03-30 01:15:17'),(514,4,'INT_024',98,NULL,NULL,1,NULL,'2021-03-19 14:44:37',NULL,'2021-03-30 01:15:17'),(515,4,'INT_025',97,NULL,NULL,1,NULL,'2021-03-19 14:44:37',NULL,'2021-03-30 01:15:17'),(516,4,'INT_026',99,NULL,NULL,1,NULL,'2021-03-19 14:44:37',NULL,'2021-03-30 01:15:17'),(517,4,'INT_027',100,NULL,NULL,1,NULL,'2021-03-19 14:44:37',NULL,'2021-03-30 01:15:17'),(518,4,'INT_028',99,NULL,NULL,1,NULL,'2021-03-19 14:44:37',NULL,'2021-03-30 01:15:17'),(519,4,'INT_029',99,NULL,NULL,1,NULL,'2021-03-19 14:44:37',NULL,'2021-03-30 01:15:17'),(520,4,'INT_030',100,NULL,NULL,1,NULL,'2021-03-19 14:44:37',NULL,'2021-03-30 01:15:17'),(521,4,'INT_031',98,NULL,NULL,1,NULL,'2021-03-19 14:44:37',NULL,'2021-03-30 01:15:17'),(522,4,'INT_032',99,NULL,NULL,1,NULL,'2021-03-19 14:44:37',NULL,'2021-03-30 01:15:17'),(523,4,'INT_033',99,NULL,NULL,1,NULL,'2021-03-19 14:44:37',NULL,'2021-03-30 01:15:17'),(524,4,'INT_034',99,NULL,NULL,1,NULL,'2021-03-19 14:44:37',NULL,'2021-03-30 01:15:17'),(525,4,'INT_035',99,NULL,NULL,1,NULL,'2021-03-19 14:44:37',NULL,'2021-03-30 01:15:17'),(526,4,'INT_036',100,NULL,NULL,1,NULL,'2021-03-19 14:44:37',NULL,'2021-03-30 01:15:17'),(527,4,'INT_037',98,NULL,NULL,1,NULL,'2021-03-19 14:44:37',NULL,'2021-03-30 01:15:17'),(528,4,'INT_038',100,NULL,NULL,1,NULL,'2021-03-19 14:44:37',NULL,'2021-03-30 01:15:17'),(529,4,'INT_039',98,NULL,NULL,1,NULL,'2021-03-19 14:44:37',NULL,'2021-03-30 01:15:17'),(530,4,'INT_040',99,NULL,NULL,1,NULL,'2021-03-19 14:44:37',NULL,'2021-03-30 01:15:17'),(531,4,'INT_041',100,NULL,NULL,1,NULL,'2021-03-19 14:44:37',NULL,'2021-03-30 01:15:17'),(532,4,'INT_042',98,NULL,NULL,1,NULL,'2021-03-19 14:44:37',NULL,'2021-03-30 01:15:17'),(533,4,'INT_043',100,NULL,NULL,1,NULL,'2021-03-19 14:44:37',NULL,'2021-03-30 01:15:17'),(534,4,'INT_044',100,NULL,NULL,1,NULL,'2021-03-19 14:44:37',NULL,'2021-03-30 01:15:17'),(535,4,'INT_045',99,NULL,NULL,1,NULL,'2021-03-19 14:44:37',NULL,'2021-03-30 01:15:17'),(536,4,'INT_046',100,NULL,NULL,1,NULL,'2021-03-19 14:44:37',NULL,'2021-03-30 01:15:17'),(537,4,'INT_047',99,NULL,NULL,1,NULL,'2021-03-19 14:44:37',NULL,'2021-03-30 01:15:17'),(538,4,'INT_048',99,NULL,NULL,1,NULL,'2021-03-19 14:44:37',NULL,'2021-03-30 01:15:17'),(539,4,'INT_049',98,NULL,NULL,1,NULL,'2021-03-19 14:44:37',NULL,'2021-03-30 01:15:17'),(540,4,'INT_050',99,NULL,NULL,1,NULL,'2021-03-19 14:44:37',NULL,'2021-03-30 01:15:17'),(541,4,'QUIZ_001',98,81,206,1,NULL,'2021-03-19 14:44:37',NULL,'2021-04-01 08:40:09'),(542,4,'QUIZ_002',99,81,NULL,1,NULL,'2021-03-19 14:44:37',NULL,'2021-04-01 03:38:02'),(543,4,'QUIZ_003',100,81,NULL,1,NULL,'2021-03-19 14:44:37',NULL,'2021-04-01 03:38:02'),(544,4,'QUIZ_004',98,NULL,NULL,1,NULL,'2021-03-19 14:44:37',NULL,'2021-03-30 01:15:17'),(545,4,'QUIZ_005',98,NULL,NULL,1,NULL,'2021-03-19 14:44:37',NULL,'2021-03-30 01:15:17'),(546,4,'QUIZ_006',99,NULL,NULL,1,NULL,'2021-03-19 14:44:37',NULL,'2021-03-30 01:15:17'),(547,4,'QUIZ_007',99,NULL,NULL,1,NULL,'2021-03-19 14:44:37',NULL,'2021-03-30 01:15:17'),(548,4,'QUIZ_008',99,NULL,NULL,1,NULL,'2021-03-19 14:44:37',NULL,'2021-03-30 01:15:17'),(549,4,'QUIZ_009',98,NULL,NULL,1,NULL,'2021-03-19 14:44:37',NULL,'2021-03-30 01:15:17'),(550,4,'QUIZ_010',98,NULL,NULL,1,NULL,'2021-03-19 14:44:37',NULL,'2021-03-30 01:15:17'),(551,4,'QUIZ_011',98,NULL,NULL,1,NULL,'2021-03-19 14:44:37',NULL,'2021-03-30 01:15:17'),(552,4,'QUIZ_012',100,NULL,NULL,1,NULL,'2021-03-19 14:44:37',NULL,'2021-03-30 01:15:17'),(553,4,'QUIZ_013',99,NULL,NULL,1,NULL,'2021-03-19 14:44:37',NULL,'2021-03-30 01:15:17'),(554,4,'QUIZ_014',99,NULL,NULL,1,NULL,'2021-03-19 14:44:37',NULL,'2021-03-30 01:15:17'),(555,4,'QUIZ_015',99,NULL,NULL,1,NULL,'2021-03-19 14:44:37',NULL,'2021-03-30 01:15:17'),(556,4,'QUIZ_016',99,NULL,NULL,1,NULL,'2021-03-19 14:44:37',NULL,'2021-03-30 01:15:17'),(557,4,'QUIZ_017',98,NULL,NULL,1,NULL,'2021-03-19 14:44:37',NULL,'2021-03-30 01:15:17'),(558,4,'QUIZ_018',98,NULL,NULL,1,NULL,'2021-03-19 14:44:37',NULL,'2021-03-30 01:15:17'),(559,4,'QUIZ_019',100,NULL,NULL,1,NULL,'2021-03-19 14:44:37',NULL,'2021-03-30 01:15:17'),(560,4,'QUIZ_020',100,NULL,NULL,1,NULL,'2021-03-19 14:44:37',NULL,'2021-03-30 01:15:17'),(561,4,'QUIZ_021',100,NULL,NULL,1,NULL,'2021-03-19 14:44:37',NULL,'2021-03-30 01:15:17'),(562,4,'QUIZ_022',99,NULL,NULL,1,NULL,'2021-03-19 14:44:37',NULL,'2021-03-30 01:15:17'),(563,4,'QUIZ_023',99,NULL,NULL,1,NULL,'2021-03-19 14:44:37',NULL,'2021-03-30 01:15:17'),(564,4,'QUIZ_024',100,NULL,NULL,1,NULL,'2021-03-19 14:44:37',NULL,'2021-03-30 01:13:39'),(565,4,'QUIZ_025',99,NULL,NULL,1,NULL,'2021-03-19 14:44:37',NULL,'2021-03-30 01:13:39'),(566,4,'QUIZ_026',97,NULL,NULL,1,NULL,'2021-03-19 14:44:37',NULL,'2021-03-30 01:13:39'),(567,4,'QUIZ_027',100,NULL,NULL,1,NULL,'2021-03-19 14:44:37',NULL,'2021-03-30 01:13:39'),(568,4,'QUIZ_028',98,NULL,NULL,1,NULL,'2021-03-19 14:44:37',NULL,'2021-03-30 01:13:39'),(569,4,'QUIZ_029',99,NULL,NULL,1,NULL,'2021-03-19 14:44:37',NULL,'2021-03-30 01:13:39'),(570,4,'QUIZ_030',98,NULL,NULL,1,NULL,'2021-03-19 14:44:37',NULL,'2021-03-30 01:13:39'),(571,4,'QUIZ_031',100,NULL,NULL,1,NULL,'2021-03-19 14:44:37',NULL,'2021-03-30 01:13:39'),(572,4,'QUIZ_032',100,NULL,NULL,1,NULL,'2021-03-19 14:44:37',NULL,'2021-03-30 01:13:39'),(573,4,'QUIZ_033',97,NULL,NULL,1,NULL,'2021-03-19 14:44:37',NULL,'2021-03-30 01:13:39'),(574,4,'QUIZ_034',97,NULL,NULL,1,NULL,'2021-03-19 14:44:37',NULL,'2021-03-30 01:13:39'),(575,4,'QUIZ_035',100,NULL,NULL,1,NULL,'2021-03-19 14:44:37',NULL,'2021-03-30 01:13:39'),(576,4,'QUIZ_036',97,NULL,NULL,1,NULL,'2021-03-19 14:44:37',NULL,'2021-03-30 01:13:39'),(577,4,'QUIZ_037',98,NULL,NULL,1,NULL,'2021-03-19 14:44:37',NULL,'2021-03-30 01:13:39'),(578,4,'QUIZ_038',100,NULL,NULL,1,NULL,'2021-03-19 14:44:37',NULL,'2021-03-30 01:13:39'),(579,4,'QUIZ_039',98,NULL,NULL,1,NULL,'2021-03-19 14:44:37',NULL,'2021-03-30 01:13:39'),(580,4,'QUIZ_040',100,NULL,NULL,1,NULL,'2021-03-19 14:44:37',NULL,'2021-03-30 01:13:39'),(581,4,'QUIZ_041',98,NULL,NULL,1,NULL,'2021-03-19 14:44:37',NULL,'2021-03-30 01:13:39'),(582,4,'QUIZ_042',100,NULL,NULL,1,NULL,'2021-03-19 14:44:37',NULL,'2021-03-30 01:13:39'),(583,4,'QUIZ_043',99,NULL,NULL,1,NULL,'2021-03-19 14:44:37',NULL,'2021-03-30 01:13:39'),(584,4,'QUIZ_044',100,NULL,NULL,1,NULL,'2021-03-19 14:44:37',NULL,'2021-03-30 01:13:39'),(585,4,'QUIZ_045',99,NULL,NULL,1,NULL,'2021-03-19 14:44:37',NULL,'2021-03-30 01:15:17'),(586,4,'QUIZ_046',99,NULL,NULL,1,NULL,'2021-03-19 14:44:37',NULL,'2021-03-30 01:15:17'),(587,4,'QUIZ_047',100,NULL,NULL,1,NULL,'2021-03-19 14:44:37',NULL,'2021-03-30 01:15:17'),(588,4,'QUIZ_048',99,NULL,NULL,1,NULL,'2021-03-19 14:44:37',NULL,'2021-03-30 01:15:17'),(589,4,'QUIZ_050',98,NULL,NULL,1,NULL,'2021-03-19 14:44:37',NULL,'2021-03-30 01:13:39'),(590,4,'QUIZ_049',97,NULL,NULL,1,NULL,'2021-03-19 14:44:37',NULL,'2021-03-30 01:13:39');

/*Table structure for table `sku_campaign_mapping` */

DROP TABLE IF EXISTS `sku_campaign_mapping`;

CREATE TABLE `sku_campaign_mapping` (
  `pk_sku_cam_id` bigint NOT NULL AUTO_INCREMENT,
  `fk_campaign_id` bigint NOT NULL,
  `fk_sku_product_trn_id` bigint NOT NULL,
  `status` tinyint DEFAULT '1',
  `created_by` bigint DEFAULT NULL,
  `created_on` datetime NOT NULL DEFAULT CURRENT_TIMESTAMP,
  `modified_by` bigint DEFAULT NULL,
  `modified_on` datetime NOT NULL DEFAULT CURRENT_TIMESTAMP,
  PRIMARY KEY (`pk_sku_cam_id`),
  KEY `fk_campaign_sc_idx` (`fk_campaign_id`),
  KEY `fk_sku_product_sc_idx` (`fk_sku_product_trn_id`),
  CONSTRAINT `fk_campaign_sc` FOREIGN KEY (`fk_campaign_id`) REFERENCES `campaign` (`pk_campaign_id`),
  CONSTRAINT `fk_sku_product_sc` FOREIGN KEY (`fk_sku_product_trn_id`) REFERENCES `sku_product_mapping` (`pk_sku_product_id`)
) ENGINE=InnoDB AUTO_INCREMENT=72 DEFAULT CHARSET=utf8 COLLATE=utf8_bin COMMENT='SKU and Comapaign mapping';

/*Data for the table `sku_campaign_mapping` */

/*Table structure for table `sku_product_mapping` */

DROP TABLE IF EXISTS `sku_product_mapping`;

CREATE TABLE `sku_product_mapping` (
  `pk_sku_product_id` bigint NOT NULL AUTO_INCREMENT,
  `sku_name` varchar(100) CHARACTER SET utf8 COLLATE utf8_bin DEFAULT NULL,
  `sku` varchar(100) CHARACTER SET utf8 COLLATE utf8_bin DEFAULT NULL,
  `sku_url` varchar(2000) CHARACTER SET utf8 COLLATE utf8_bin DEFAULT NULL,
  `sku_price` decimal(10,2) DEFAULT NULL,
  `fk_product_id` bigint DEFAULT NULL,
  `status` tinyint DEFAULT '1',
  `created_by` bigint DEFAULT NULL,
  `created_on` datetime NOT NULL DEFAULT CURRENT_TIMESTAMP,
  `modified_by` bigint DEFAULT NULL,
  `modified_on` datetime NOT NULL DEFAULT CURRENT_TIMESTAMP,
  PRIMARY KEY (`pk_sku_product_id`),
  KEY `fk_product_c_idx` (`fk_product_id`),
  CONSTRAINT `fk_product_c` FOREIGN KEY (`fk_product_id`) REFERENCES `product` (`pk_product_id`)
) ENGINE=InnoDB AUTO_INCREMENT=168 DEFAULT CHARSET=utf8 COLLATE=utf8_bin COMMENT='SKU and product transaction';

/*Data for the table `sku_product_mapping` */

insert  into `sku_product_mapping`(`pk_sku_product_id`,`sku_name`,`sku`,`sku_url`,`sku_price`,`fk_product_id`,`status`,`created_by`,`created_on`,`modified_by`,`modified_on`) values (136,'Persian Kush','7290114070027','https://www.better-global.com/en/product/p-k-2__trashed/','249.00',84,1,0,'2021-01-02 08:28:02',0,'2021-01-02 08:33:38'),(137,'RELIEF K.D T20/C4','SKU 729011407028','https://www.better-global.com/en/product/k-d-2/','239.00',85,1,0,'2021-01-02 08:36:20',0,'2021-01-13 12:04:29'),(138,'Value pack','1459717','https://www.costco.com/greenerways-antibacterial-hand-soap-16-fl-oz%2C-4-pack.product.100671830.html','12.00',86,1,0,'2021-01-02 08:48:43',0,'2021-01-02 15:29:27'),(139,'SKU Name for Product 1','SKU for Product 1',NULL,NULL,87,1,0,'2021-01-13 13:54:15',0,'2021-01-18 06:00:10'),(140,'SKU Name for Product 2','SKU for Product 2',NULL,NULL,87,1,0,'2021-01-13 13:54:15',0,'2021-01-18 06:00:10'),(141,'SKU Name for Product 2','Product -2','http://d1x0iq8ltb1k4e.cloudfront.net/#/brands/product-add','577.00',88,1,0,'2021-01-18 07:43:53',0,'2021-01-18 07:43:53'),(142,'SKU Name for Product 2_1','Product -2_1','http://d1x0iq8ltb1k4e.cloudfront.net/#/brands/product-add','6667.00',88,1,0,'2021-01-18 07:43:53',0,'2021-01-18 07:43:53'),(143,'SKU Name for Product3_1','SKU for Product 3','http://d1x0iq8ltb1k4e.cloudfront.net/#/brands/product-add','0.49',89,1,0,'2021-01-18 07:45:46',0,'2021-01-18 10:24:40'),(144,'SKU Name for Product 4_1','SKU for Product 4','http://d1x0iq8ltb1k4e.cloudfront.net/#/brands/product-add',NULL,90,1,0,'2021-01-18 12:47:31',0,'2021-01-18 12:47:31'),(145,'Kalon Cab 750ML','9920750-1','https://www.robertmondaviwinery.com/product/2014-robert-mondavi-winery-reserve-to-kalon-vineyard-cabernet-sauvignon-oakville-napa-valley','172.50',91,1,0,'2021-01-18 18:57:12',0,'2021-03-17 04:37:44'),(146,'SKU Name for Product 5','SKU for Product 5','http://d1x0iq8ltb1k4e.cloudfront.net/#/brands/product-add',NULL,92,1,0,'2021-01-19 06:55:16',0,'2021-01-19 06:55:16'),(147,'Maestro','24504','https://www.robertmondaviwinery.com/product/2017-robert-mondavi-winery-maestro-red-blend-napa-valley','50.00',93,1,0,'2021-01-19 14:49:03',0,'2021-01-19 14:49:03'),(148,'SKU Name for Product 6_1','SKU for Product 6','http://d1x0iq8ltb1k4e.cloudfront.net/#/brands/product-add','0.99',94,1,0,'2021-01-20 08:28:13',0,'2021-01-20 08:28:13'),(149,'TATA Altroz XM+','TATA Altroz Model 1','https://cars.tatamotors.com/cars/altroz/variants','1000.00',95,1,0,'2021-01-28 11:21:28',0,'2021-01-28 11:21:28'),(150,'TATA Altroz XZ+ iTurbo','TATA Altroz Model 2','https://cars.tatamotors.com/cars/altroz/variants','1500.00',95,1,0,'2021-01-28 11:21:28',0,'2021-01-28 11:21:28'),(151,'TATA Tiago XT','TATA Tiago Model 1','https://cars.tatamotors.com/cars/tiago/variants','2000.00',96,1,0,'2021-01-28 11:27:42',0,'2021-01-28 11:31:33'),(152,'TATA Tiago XZA+','TATA Tiago Model 2','https://cars.tatamotors.com/cars/tiago/variants','2000.00',96,1,0,'2021-01-28 11:27:42',0,'2021-01-28 11:31:33'),(153,'TATA Harrier XMA','TATA Harrier Model 1','https://cars.tatamotors.com/suv/harrier/variants','2500.00',97,1,0,'2021-01-28 11:33:44',0,'2021-01-28 11:33:44'),(154,'TATA Harrier XZA+','TATA Harrier Model 2','https://cars.tatamotors.com/suv/harrier/variants','3000.00',97,1,0,'2021-01-28 11:33:44',0,'2021-01-28 11:33:44'),(155,'asd','asd',NULL,NULL,98,1,0,'2021-01-28 12:16:52',0,'2021-01-28 12:16:52'),(156,'Google SKU Name','Google SKU','https://www.google.com/','1000.00',99,1,0,'2021-02-09 05:29:29',0,'2021-02-09 05:29:29'),(157,'SKU name for Long Name','SKU for Long name ','https://news.google.com/topstories?hl=en-IN&gl=IN&ceid=IN:en','1000.00',100,1,0,'2021-02-09 08:54:55',0,'2021-02-09 08:54:55'),(158,'213','231',NULL,NULL,101,1,0,'2021-02-11 10:27:37',0,'2021-02-11 10:27:37'),(159,'Product 1','SKU 1',NULL,NULL,102,1,0,'2021-02-12 10:56:48',0,'2021-02-12 10:56:48'),(160,'Product 2','SKU 2',NULL,NULL,103,1,0,'2021-02-12 10:57:07',0,'2021-02-12 10:57:07'),(161,'Product 3','SKU 3',NULL,NULL,104,1,0,'2021-02-12 10:57:27',0,'2021-02-12 10:57:27'),(162,'Body Oil 3 Pack (2oz)','50008','https://greenerways.com/collections/organic-body-oils/products/greenerways-organic-relaxation-body-oil-3-pack-2oz','14.99',105,1,0,'2021-02-23 00:18:06',0,'2021-02-23 00:18:06'),(163,'Lindor Truffles','LINDTTRFL333',NULL,NULL,106,1,0,'2021-03-24 04:13:38',0,'2021-03-30 01:19:38'),(164,'Penfolds 111A Shiraz','PEN111A',NULL,NULL,107,1,0,'2021-03-30 06:04:02',0,'2021-03-30 06:04:02'),(165,'AUG_SUB_1','AUG_SUB_1',NULL,NULL,108,1,0,'2021-04-01 03:42:47',0,'2021-04-12 09:10:10'),(166,'Family Box','DTFB001','https://www.dinnertwist.com.au/order-a-food-box/box-options','160.00',109,1,0,'2021-04-21 07:32:02',0,'2021-04-21 07:32:02'),(167,'sku name','some sku','https://www.robertmondaviwinery.com/product/2014-robert-mondavi-winery-reserve-to-kalon-vineyard-cabernet-sauvignon-oakville-napa-valley','999.00',110,1,0,'2021-04-23 14:39:34',0,'2021-04-23 14:39:34');

/*Table structure for table `tag_master` */

DROP TABLE IF EXISTS `tag_master`;

CREATE TABLE `tag_master` (
  `pk_tag_master_id` bigint unsigned NOT NULL AUTO_INCREMENT,
  `generation_id` varchar(20) NOT NULL,
  `vendor_email` varchar(320) DEFAULT NULL,
  `received_on` datetime DEFAULT NULL,
  `mode` bigint DEFAULT NULL,
  `tag_generated` int unsigned NOT NULL,
  `status` tinyint unsigned DEFAULT '1',
  `created_by` bigint DEFAULT NULL,
  `created_on` timestamp NOT NULL DEFAULT CURRENT_TIMESTAMP,
  `modified_by` bigint DEFAULT NULL,
  `modified_on` timestamp NOT NULL DEFAULT CURRENT_TIMESTAMP ON UPDATE CURRENT_TIMESTAMP,
  PRIMARY KEY (`pk_tag_master_id`),
  UNIQUE KEY `generation_id_UNIQUE` (`generation_id`),
  KEY `mode_idx` (`mode`),
  CONSTRAINT `mode` FOREIGN KEY (`mode`) REFERENCES `lookup` (`pk_lookup_id`)
) ENGINE=InnoDB AUTO_INCREMENT=5 DEFAULT CHARSET=utf8;

/*Data for the table `tag_master` */

insert  into `tag_master`(`pk_tag_master_id`,`generation_id`,`vendor_email`,`received_on`,`mode`,`tag_generated`,`status`,`created_by`,`created_on`,`modified_by`,`modified_on`) values (1,'TAG-26-NOV-600000',NULL,'2020-12-21 12:37:26',23,600000,1,NULL,'2020-12-16 16:44:22',NULL,'2020-12-21 07:07:25'),(2,'TAG-18-DEC-500000','','2020-12-18 11:34:28',22,500000,1,0,'2020-12-16 17:44:22',0,'2020-12-18 16:33:47'),(4,'TAG-19-MAR-15000',NULL,'2021-03-19 20:14:38',23,15000,1,NULL,'2021-03-19 14:43:14',NULL,'2021-03-19 14:44:38');

/*Table structure for table `tags` */

DROP TABLE IF EXISTS `tags`;

CREATE TABLE `tags` (
  `pk_tag_id` bigint NOT NULL,
  `no_of_tags` bigint DEFAULT NULL,
  `tag_mode` bigint DEFAULT NULL,
  `status` tinyint DEFAULT NULL,
  `created_by` bigint DEFAULT NULL,
  `created_on` datetime DEFAULT NULL,
  `modified_by` bigint DEFAULT NULL,
  `modified_on` datetime DEFAULT NULL,
  PRIMARY KEY (`pk_tag_id`),
  KEY `fk_tag_lookup_idx` (`tag_mode`),
  CONSTRAINT `fk_tag_lookup` FOREIGN KEY (`tag_mode`) REFERENCES `lookup` (`pk_lookup_id`)
) ENGINE=InnoDB DEFAULT CHARSET=utf8mb4 COLLATE=utf8mb4_0900_ai_ci;

/*Data for the table `tags` */

/*Table structure for table `token` */

DROP TABLE IF EXISTS `token`;

CREATE TABLE `token` (
  `pk_token_id` bigint NOT NULL AUTO_INCREMENT,
  `fk_user_id` bigint NOT NULL,
  `token` varchar(250) CHARACTER SET utf8 COLLATE utf8_bin NOT NULL,
  `expirydate` datetime NOT NULL,
  `status` tinyint DEFAULT '1',
  `created_on` datetime DEFAULT CURRENT_TIMESTAMP,
  `modified_on` datetime DEFAULT CURRENT_TIMESTAMP,
  PRIMARY KEY (`pk_token_id`)
) ENGINE=InnoDB AUTO_INCREMENT=52 DEFAULT CHARSET=utf8 COLLATE=utf8_bin COMMENT='Token Master';

/*Data for the table `token` */

insert  into `token`(`pk_token_id`,`fk_user_id`,`token`,`expirydate`,`status`,`created_on`,`modified_on`) values (1,6,'eyJhbGciOiJIUzI1NiIsInR5cCI6IkpXVCJ9.eyJ1c2VyX2lkIjo2LCJyb2xlX2lkIjozLCJyb2xlIjoiYWRtaW4iLCJmaXJzdG5hbWUiOiJBcmlmIiwibGFzdG5hbWUiOiJSYXRob2QiLCJlbWFpbCI6ImFyaWZyYXRob2Q3QGdtYWlsLmNvbSIsImNvbnRhY3Rfbm8iOjk5NzgzNTAzMjcsImltYWdlIjoiMTYwOTEyOTU1NzkyNGRhZ','2021-04-21 09:58:04',1,'2020-11-04 12:59:51','2021-04-20 09:58:04'),(2,16,'eyJhbGciOiJIUzI1NiIsInR5cCI6IkpXVCJ9.eyJ1c2VyX2lkIjoxNiwicm9sZV9pZCI6MSwicm9sZSI6ImFjY291bnRfbWFuYWdlciIsImZpcnN0bmFtZSI6InJ1dHUiLCJsYXN0bmFtZSI6InNvbGFua2kiLCJlbWFpbCI6InJ1dHUxMjFAZ21haWwuY29tIiwiaXNfdmVyaWZpZWQiOjAsInN0YXR1cyI6MSwiaXNfZmlyc3R0aW1lX','2020-12-17 08:58:07',1,'2020-11-04 13:11:09','2020-12-16 08:58:06'),(3,81,'eyJhbGciOiJIUzI1NiIsInR5cCI6IkpXVCJ9.eyJ1c2VyX2lkIjo4MSwicm9sZV9pZCI6MSwicm9sZSI6ImFjY291bnRfbWFuYWdlciIsImZpcnN0bmFtZSI6ImRpZ2ljb3JwIiwibGFzdG5hbWUiOiJhY2NvdW50TWFuYWdlciIsImVtYWlsIjoibWFoYW1hZGFyaWYucmF0aG9kQGRpZ2ktY29ycC5jb20iLCJjb250YWN0X25vIjo5O','2020-12-25 14:13:52',1,'2020-12-24 11:29:09','2020-12-24 14:13:51'),(4,83,'eyJhbGciOiJIUzI1NiIsInR5cCI6IkpXVCJ9.eyJ1c2VyX2lkIjo4Mywicm9sZV9pZCI6Miwicm9sZSI6ImNyZWF0b3IiLCJmaXJzdG5hbWUiOiJEaWdpY29ycCIsImxhc3RuYW1lIjoiQ3JlYXRvciIsImVtYWlsIjoicmlmazcxMTNAZ21haWwuY29tIiwiY29udGFjdF9ubyI6MTIzNDU2Nzg5OSwiaW1hZ2UiOm51bGwsImlzX3Zlc','2020-12-25 14:13:05',1,'2020-12-24 13:34:26','2020-12-24 14:13:04'),(5,84,'eyJhbGciOiJIUzI1NiIsInR5cCI6IkpXVCJ9.eyJ1c2VyX2lkIjo4NCwicm9sZV9pZCI6Mywicm9sZSI6ImFkbWluIiwiZmlyc3RuYW1lIjoiU3VkYXJzYW4iLCJsYXN0bmFtZSI6IktoYW4iLCJlbWFpbCI6InN1ZGFyc2FuLmtoYW5AZGlnaS1jb3JwLmNvbSIsImNvbnRhY3Rfbm8iOjYyOTUyNzc4NDAsImltYWdlIjoiMTYwOTE0O','2020-12-29 11:47:27',1,'2020-12-28 07:16:31','2020-12-28 11:47:27'),(6,86,'eyJhbGciOiJIUzI1NiIsInR5cCI6IkpXVCJ9.eyJ1c2VyX2lkIjo4Niwicm9sZV9pZCI6Mywicm9sZSI6ImFkbWluIiwiZmlyc3RuYW1lIjoiU2FteWEiLCJsYXN0bmFtZSI6IlNoYWgiLCJlbWFpbCI6InNhbXlhLnNoYWhAZGlnaS1jb3JwLmNvbSIsImNvbnRhY3Rfbm8iOjk0MDgyNzk0NTUsImltYWdlIjoiIiwiaXNfdmVyaWZpZ','2021-04-21 09:57:14',1,'2020-12-28 12:54:49','2021-04-20 09:57:14'),(7,93,'eyJhbGciOiJIUzI1NiIsInR5cCI6IkpXVCJ9.eyJ1c2VyX2lkIjo5Mywicm9sZV9pZCI6MSwicm9sZSI6ImFjY291bnRfbWFuYWdlciIsImZpcnN0bmFtZSI6IkZpcnN0ICIsImxhc3RuYW1lIjoiVXNlciIsImVtYWlsIjoicHJvcXVyZUBtYWlsaW5hdG9yLmNvbSIsImNvbnRhY3Rfbm8iOjM1MjI0NTY3MzMsImltYWdlIjpudWxsL','2020-12-30 08:21:56',1,'2020-12-29 04:35:51','2020-12-29 08:21:55'),(8,94,'eyJhbGciOiJIUzI1NiIsInR5cCI6IkpXVCJ9.eyJ1c2VyX2lkIjo5NCwicm9sZV9pZCI6Miwicm9sZSI6ImNyZWF0b3IiLCJmaXJzdG5hbWUiOiJOZXcgVXNlciIsImxhc3RuYW1lIjoiRnJvbSBVc2VyIiwiZW1haWwiOiJwcm9xdXJlLnVzZXJAbWFpbGluYXRvci5jb20iLCJjb250YWN0X25vIjo3NjU4NzY5NTY0LCJpbWFnZSI6b','2020-12-30 06:21:52',1,'2020-12-29 04:45:00','2020-12-29 06:21:52'),(9,95,'eyJhbGciOiJIUzI1NiIsInR5cCI6IkpXVCJ9.eyJ1c2VyX2lkIjo5NSwicm9sZV9pZCI6MSwicm9sZSI6ImFjY291bnRfbWFuYWdlciIsImZpcnN0bmFtZSI6IkFjY291bnQgIiwibGFzdG5hbWUiOiJNYW5hZ2VyIiwiZW1haWwiOiJhY2NvdW50bWFuYWdlckBtYWlsaW5hdG9yLmNvbSIsImNvbnRhY3Rfbm8iOjg3ODkzNzI4OTYsI','2020-12-30 06:29:50',1,'2020-12-29 06:29:49','2020-12-29 06:29:49'),(10,96,'eyJhbGciOiJIUzI1NiIsInR5cCI6IkpXVCJ9.eyJ1c2VyX2lkIjo5Niwicm9sZV9pZCI6Miwicm9sZSI6ImNyZWF0b3IiLCJmaXJzdG5hbWUiOiJOZXcgVXNlciIsImxhc3RuYW1lIjoiRnJvbSBVc2VyIiwiZW1haWwiOiJuZXd1c2VyLmZyb211c2VyQG1haWxpbmF0b3IuY29tIiwiY29udGFjdF9ubyI6ODk4OTc4OTkwMCwiaW1hZ','2020-12-30 06:43:15',1,'2020-12-29 06:43:14','2020-12-29 06:43:14'),(11,97,'eyJhbGciOiJIUzI1NiIsInR5cCI6IkpXVCJ9.eyJ1c2VyX2lkIjo5Nywicm9sZV9pZCI6Miwicm9sZSI6ImNyZWF0b3IiLCJmaXJzdG5hbWUiOiJJbnZpdGVkIEJ5IiwibGFzdG5hbWUiOiJOZXcgdXNlciIsImVtYWlsIjoiaW52aXRlZGJ5QG1haWxpbmF0b3IuY29tIiwiY29udGFjdF9ubyI6Nzk2NzY3ODk2NSwiaW1hZ2UiOm51b','2020-12-30 06:45:02',1,'2020-12-29 06:45:01','2020-12-29 06:45:01'),(12,98,'eyJhbGciOiJIUzI1NiIsInR5cCI6IkpXVCJ9.eyJ1c2VyX2lkIjo5OCwicm9sZV9pZCI6MSwicm9sZSI6ImFjY291bnRfbWFuYWdlciIsImZpcnN0bmFtZSI6Ikludml0ZWQgQnkiLCJsYXN0bmFtZSI6IkZpcnN0IFVzZXIiLCJlbWFpbCI6Imludml0ZS51c2VyQG1haWxpbmF0b3IuY29tIiwiY29udGFjdF9ubyI6OTc3ODk3ODk3O','2020-12-30 07:00:15',1,'2020-12-29 07:00:14','2020-12-29 07:00:14'),(13,101,'eyJhbGciOiJIUzI1NiIsInR5cCI6IkpXVCJ9.eyJ1c2VyX2lkIjoxMDEsInJvbGVfaWQiOjEsInJvbGUiOiJhY2NvdW50X21hbmFnZXIiLCJmaXJzdG5hbWUiOiJTYW15YSIsImxhc3RuYW1lIjoiVXNlciIsImVtYWlsIjoic2FteWEudXNlckBtYWlsaW5hdG9yLmNvbSIsImNvbnRhY3Rfbm8iOjM2OTQ5MjMwNDAsImltYWdlIjpud','2020-12-30 11:05:42',1,'2020-12-29 11:05:41','2020-12-29 11:05:41'),(14,102,'eyJhbGciOiJIUzI1NiIsInR5cCI6IkpXVCJ9.eyJ1c2VyX2lkIjoxMDIsInJvbGVfaWQiOjEsInJvbGUiOiJhY2NvdW50X21hbmFnZXIiLCJmaXJzdG5hbWUiOiJzYW15YSIsImxhc3RuYW1lIjoiYWNjb3VudCBtYW5hZ2VyIiwiZW1haWwiOiJzYW15YS5hY0BtYWlsaW5hdG9yLmNvbSIsImNvbnRhY3Rfbm8iOjg3ODkzNzI4OTYsI','2020-12-30 11:19:30',1,'2020-12-29 11:19:30','2020-12-29 11:19:30'),(15,104,'eyJhbGciOiJIUzI1NiIsInR5cCI6IkpXVCJ9.eyJ1c2VyX2lkIjoxMDQsInJvbGVfaWQiOjEsInJvbGUiOiJhY2NvdW50X21hbmFnZXIiLCJmaXJzdG5hbWUiOiJSZWxpYW5jZSAiLCJsYXN0bmFtZSI6ImFjY291bnRfbWFuYWdlciIsImVtYWlsIjoicmVsaWFuY2UubWFuYWdlckBtYWlsaW5hdG9yLmNvbSIsImNvbnRhY3Rfbm8iO','2020-12-31 06:00:59',1,'2020-12-30 06:00:59','2020-12-30 06:00:59'),(16,105,'eyJhbGciOiJIUzI1NiIsInR5cCI6IkpXVCJ9.eyJ1c2VyX2lkIjoxMDUsInJvbGVfaWQiOjEsInJvbGUiOiJhY2NvdW50X21hbmFnZXIiLCJmaXJzdG5hbWUiOiJTYW5rZXQiLCJsYXN0bmFtZSI6IlBhdGVsIiwiZW1haWwiOiJzYW5rZXRrcEBnbWFpbC5jb20iLCJjb250YWN0X25vIjo3MTM0NTY3ODkyLCJpbWFnZSI6bnVsbCwia','2020-12-31 06:20:10',1,'2020-12-30 06:20:10','2020-12-30 06:20:10'),(17,106,'eyJhbGciOiJIUzI1NiIsInR5cCI6IkpXVCJ9.eyJ1c2VyX2lkIjoxMDYsInJvbGVfaWQiOjEsInJvbGUiOiJhY2NvdW50X21hbmFnZXIiLCJmaXJzdG5hbWUiOiJSZWxpYW5jZSIsImxhc3RuYW1lIjoibWFuYWdlciIsImVtYWlsIjoicmVsaWFuY2UubWFuYWdlckBtYWlsaW5hdG9yLmNvbSIsImNvbnRhY3Rfbm8iOjg3ODkzNzI4O','2020-12-31 09:20:08',1,'2020-12-30 08:34:23','2020-12-30 09:20:07'),(18,107,'eyJhbGciOiJIUzI1NiIsInR5cCI6IkpXVCJ9.eyJ1c2VyX2lkIjoxMDcsInJvbGVfaWQiOjIsInJvbGUiOiJjcmVhdG9yIiwiZmlyc3RuYW1lIjoiUmVsaWFuY2UiLCJsYXN0bmFtZSI6IlVzZXIiLCJlbWFpbCI6InJlbGlhbmNlLnVzZXJAbWFpbGluYXRvci5jb20iLCJjb250YWN0X25vIjo3NjU4NzY5NTY0LCJpbWFnZSI6bnVsb','2020-12-31 08:54:15',1,'2020-12-30 08:48:13','2020-12-30 08:54:14'),(19,108,'eyJhbGciOiJIUzI1NiIsInR5cCI6IkpXVCJ9.eyJ1c2VyX2lkIjoxMDgsInJvbGVfaWQiOjEsInJvbGUiOiJhY2NvdW50X21hbmFnZXIiLCJmaXJzdG5hbWUiOiJGdXR1cmUiLCJsYXN0bmFtZSI6IlVzZXIiLCJlbWFpbCI6ImZ1dHVyZV9ncm91cC5tYW5hZ2VyQG1haWxpbmF0b3IuY29tIiwiY29udGFjdF9ubyI6OTc3ODk3ODk3O','2020-12-31 09:31:21',1,'2020-12-30 09:31:20','2020-12-30 09:31:20'),(20,110,'eyJhbGciOiJIUzI1NiIsInR5cCI6IkpXVCJ9.eyJ1c2VyX2lkIjoxMTAsInJvbGVfaWQiOjIsInJvbGUiOiJjcmVhdG9yIiwiZmlyc3RuYW1lIjoiTWFuaXNoIiwibGFzdG5hbWUiOiJCaGF2bmFuaSIsImVtYWlsIjoibWFuaXNoLmJoYXZuYW5pQGRpZ2ktY29ycC5jb20iLCJjb250YWN0X25vIjo5MDI4MjIyMjIyLCJpbWFnZSI6b','2020-12-31 09:53:34',1,'2020-12-30 09:53:22','2020-12-30 09:53:34'),(21,113,'eyJhbGciOiJIUzI1NiIsInR5cCI6IkpXVCJ9.eyJ1c2VyX2lkIjoxMTMsInJvbGVfaWQiOjEsInJvbGUiOiJhY2NvdW50X21hbmFnZXIiLCJmaXJzdG5hbWUiOiJOZXcgIiwibGFzdG5hbWUiOiJwYWNrYWdpbmciLCJlbWFpbCI6InAucGFydG5lckBtYWlsaW5hdG9yLmNvbSIsImNvbnRhY3Rfbm8iOjIxMjEyMzEzMTIsImltYWdlI','2020-12-31 15:43:19',1,'2020-12-30 13:09:34','2020-12-30 15:43:19'),(22,115,'eyJhbGciOiJIUzI1NiIsInR5cCI6IkpXVCJ9.eyJ1c2VyX2lkIjoxMTUsInJvbGVfaWQiOjIsInJvbGUiOiJjcmVhdG9yIiwiZmlyc3RuYW1lIjoiVXNlciIsImxhc3RuYW1lIjoib25lIiwiZW1haWwiOiJiYi51c2VyQG1haWxpbmF0b3IuY29tIiwiY29udGFjdF9ubyI6Nzg3ODk3ODk3OSwiaW1hZ2UiOm51bGwsImlzX3Zlcmlma','2020-12-31 15:19:35',1,'2020-12-30 15:19:22','2020-12-30 15:19:34'),(23,114,'eyJhbGciOiJIUzI1NiIsInR5cCI6IkpXVCJ9.eyJ1c2VyX2lkIjoxMTQsInJvbGVfaWQiOjIsInJvbGUiOiJjcmVhdG9yIiwiZmlyc3RuYW1lIjoiQXJpZiIsImxhc3RuYW1lIjoiUmF0aG9kIiwiZW1haWwiOiJtYWhhbWFkYXJpZi5yYXRob2RAZGlnaS1jb3JwLmNvbSIsImNvbnRhY3Rfbm8iOjEyMzQ1Njc4OTksImltYWdlIjpud','2020-12-31 15:19:35',1,'2020-12-30 15:19:34','2020-12-30 15:19:34'),(24,116,'eyJhbGciOiJIUzI1NiIsInR5cCI6IkpXVCJ9.eyJ1c2VyX2lkIjoxMTYsInJvbGVfaWQiOjIsInJvbGUiOiJjcmVhdG9yIiwiZmlyc3RuYW1lIjoidGV0c3QiLCJsYXN0bmFtZSI6ImhqaGdnaCIsImVtYWlsIjoiYXJpZi10ZXN0QG1haWxpbmF0b3IuY29tIiwiY29udGFjdF9ubyI6MTIzNDU2Nzg5OSwiaW1hZ2UiOm51bGwsImlzX','2020-12-31 15:23:00',1,'2020-12-30 15:22:59','2020-12-30 15:22:59'),(25,121,'eyJhbGciOiJIUzI1NiIsInR5cCI6IkpXVCJ9.eyJ1c2VyX2lkIjoxMjEsInJvbGVfaWQiOjIsInJvbGUiOiJjcmVhdG9yIiwiZmlyc3RuYW1lIjoiVGVzdCIsImxhc3RuYW1lIjoiMTIxMjEyIiwiZW1haWwiOiJ0ZXN0LjEyMTJAbWFpbGluYXRvci5jb20iLCJjb250YWN0X25vIjo4OTg5Nzg5OTAwLCJpbWFnZSI6bnVsbCwiaXNfd','2021-01-01 06:42:40',1,'2020-12-31 06:42:39','2020-12-31 06:42:39'),(26,122,'eyJhbGciOiJIUzI1NiIsInR5cCI6IkpXVCJ9.eyJ1c2VyX2lkIjoxMjIsInJvbGVfaWQiOjEsInJvbGUiOiJhY2NvdW50X21hbmFnZXIiLCJmaXJzdG5hbWUiOiJTYW15YSIsImxhc3RuYW1lIjoiQWNjb3VudCIsImVtYWlsIjoic2FteWEubWFuYWdlckBtYWlsaW5hdG9yLmNvbSIsImNvbnRhY3Rfbm8iOjg3ODkzNzI4OTYsImltY','2021-01-01 06:53:41',1,'2020-12-31 06:53:40','2020-12-31 06:53:40'),(27,130,'eyJhbGciOiJIUzI1NiIsInR5cCI6IkpXVCJ9.eyJ1c2VyX2lkIjoxMzAsInJvbGVfaWQiOjEsInJvbGUiOiJhY2NvdW50X21hbmFnZXIiLCJmaXJzdG5hbWUiOiJ0ZXN0IiwibGFzdG5hbWUiOiJudWliaSIsImVtYWlsIjoibmV3LnRlc3RAbWFpbGluYXRvci5jb20iLCJjb250YWN0X25vIjoyMTIxMjMxMzEyLCJpbWFnZSI6bnVsb','2021-01-01 18:16:38',1,'2020-12-31 18:16:37','2020-12-31 18:16:37'),(28,131,'eyJhbGciOiJIUzI1NiIsInR5cCI6IkpXVCJ9.eyJ1c2VyX2lkIjoxMzEsInJvbGVfaWQiOjIsInJvbGUiOiJjcmVhdG9yIiwiZmlyc3RuYW1lIjoic2FteWEiLCJsYXN0bmFtZSI6Im5ldyIsImVtYWlsIjoic2FteWEubmV3YnJhbmRAbWFpbGluYXRvci5jb20iLCJjb250YWN0X25vIjo4OTg5Nzg5OTAwLCJpbWFnZSI6bnVsbCwia','2021-01-01 18:19:10',1,'2020-12-31 18:19:10','2020-12-31 18:19:10'),(29,133,'eyJhbGciOiJIUzI1NiIsInR5cCI6IkpXVCJ9.eyJ1c2VyX2lkIjoxMzMsInJvbGVfaWQiOjMsInJvbGUiOiJhZG1pbiIsImZpcnN0bmFtZSI6IlBvb3JhYiIsImxhc3RuYW1lIjoiU2hhaCIsImVtYWlsIjoicG9vcmFiLnNoYWhAZWZvbGlvLmxsYyIsImNvbnRhY3Rfbm8iOjk5NzgzNTAzMjcsImltYWdlIjoiIiwiaXNfdmVyaWZpZ','2021-04-24 14:23:59',1,'2020-12-31 18:32:44','2021-04-23 14:23:59'),(30,137,'eyJhbGciOiJIUzI1NiIsInR5cCI6IkpXVCJ9.eyJ1c2VyX2lkIjoxMzcsInJvbGVfaWQiOjEsInJvbGUiOiJhY2NvdW50X21hbmFnZXIiLCJmaXJzdG5hbWUiOiJzYW15YSIsImxhc3RuYW1lIjoicGFydG5lciIsImVtYWlsIjoic2FteWEucGFydG5lckBtYWlsaW5hdG9yLmNvbSIsImNvbnRhY3Rfbm8iOjk0MDgyNzkwMDAsImltY','2021-02-10 06:59:10',1,'2021-01-13 13:27:39','2021-02-09 06:59:10'),(31,141,'eyJhbGciOiJIUzI1NiIsInR5cCI6IkpXVCJ9.eyJ1c2VyX2lkIjoxNDEsInJvbGVfaWQiOjEsInJvbGUiOiJhY2NvdW50X21hbmFnZXIiLCJmaXJzdG5hbWUiOiJDb25zdGVsbGF0aW9uQnJhbmQiLCJsYXN0bmFtZSI6Ik1hbmFnZXIiLCJlbWFpbCI6InBldGUuc29kZXJiYXVtQGdtYWlsLmNvbSIsImNvbnRhY3Rfbm8iOjIzMzIzM','2021-01-20 14:45:36',1,'2021-01-14 05:24:14','2021-01-19 14:45:35'),(32,146,'eyJhbGciOiJIUzI1NiIsInR5cCI6IkpXVCJ9.eyJ1c2VyX2lkIjoxNDYsInJvbGVfaWQiOjIsInJvbGUiOiJjcmVhdG9yIiwiZmlyc3RuYW1lIjoiU2FteWEiLCJsYXN0bmFtZSI6IlVzZXIgIiwiZW1haWwiOiJzYW15YS51c2VyNEBtYWlsaW5hdG9yLmNvbSIsImNvbnRhY3Rfbm8iOjc2NTg3Njk1NjQsImltYWdlIjpudWxsLCJpc','2021-01-20 06:53:26',1,'2021-01-19 06:53:26','2021-01-19 06:53:26'),(33,147,'eyJhbGciOiJIUzI1NiIsInR5cCI6IkpXVCJ9.eyJ1c2VyX2lkIjoxNDcsInJvbGVfaWQiOjEsInJvbGUiOiJhY2NvdW50X21hbmFnZXIiLCJmaXJzdG5hbWUiOiJzYW15YSIsImxhc3RuYW1lIjoiYWNjX21hbmFnZXIiLCJlbWFpbCI6InNhbXlhLmFjX21hbkBtYWlsaW5hdG9yLmNvbSIsImNvbnRhY3Rfbm8iOjg3ODkzNzI4OTYsI','2021-01-20 13:52:10',1,'2021-01-19 13:52:10','2021-01-19 13:52:10'),(34,139,'eyJhbGciOiJIUzI1NiIsInR5cCI6IkpXVCJ9.eyJ1c2VyX2lkIjoxMzksInJvbGVfaWQiOjMsInJvbGUiOiJhZG1pbiIsImZpcnN0bmFtZSI6IlN1ZGFyc2FuIiwibGFzdG5hbWUiOiJLaGFuIiwiZW1haWwiOiJraGFuQG1haWxpbmF0b3IuY29tIiwiY29udGFjdF9ubyI6MTIzNDU2Nzg5OSwiaW1hZ2UiOm51bGwsImlzX3Zlcmlma','2021-01-20 15:16:50',1,'2021-01-19 15:16:08','2021-01-19 15:16:50'),(35,149,'eyJhbGciOiJIUzI1NiIsInR5cCI6IkpXVCJ9.eyJ1c2VyX2lkIjoxNDksInJvbGVfaWQiOjEsInJvbGUiOiJhY2NvdW50X21hbmFnZXIiLCJmaXJzdG5hbWUiOiJUQVRBIiwibGFzdG5hbWUiOiJNb3RvciIsImVtYWlsIjoidGF0YS5tb3RvckBtYWlsaW5hdG9yLmNvbSIsImNvbnRhY3Rfbm8iOjk0MDgyNzk0MjMsImltYWdlIjpud','2021-02-17 07:29:14',1,'2021-01-28 12:08:56','2021-02-16 07:29:14'),(36,150,'eyJhbGciOiJIUzI1NiIsInR5cCI6IkpXVCJ9.eyJ1c2VyX2lkIjoxNTAsInJvbGVfaWQiOjEsInJvbGUiOiJhY2NvdW50X21hbmFnZXIiLCJmaXJzdG5hbWUiOiJUQVRBICIsImxhc3RuYW1lIjoiTW90b3IgMSIsImVtYWlsIjoidGF0YS5tb3RvcjFAbWFpbGluYXRvci5jb20iLCJjb250YWN0X25vIjo5NDA4Mjc5NDIzLCJpbWFnZ','2021-01-29 12:10:26',1,'2021-01-28 12:10:26','2021-01-28 12:10:26'),(37,151,'eyJhbGciOiJIUzI1NiIsInR5cCI6IkpXVCJ9.eyJ1c2VyX2lkIjoxNTEsInJvbGVfaWQiOjIsInJvbGUiOiJjcmVhdG9yIiwiZmlyc3RuYW1lIjoiVXNlciIsImxhc3RuYW1lIjoiVGF0YSBNb3RvciIsImVtYWlsIjoidXNlci50YXRhbW90b3JAbWFpbGluYXRvci5jb20iLCJjb250YWN0X25vIjoyODczOTYyOTAxLCJpbWFnZSI6b','2021-02-17 09:39:59',1,'2021-01-28 12:14:19','2021-02-16 09:39:59'),(38,156,'eyJhbGciOiJIUzI1NiIsInR5cCI6IkpXVCJ9.eyJ1c2VyX2lkIjoxNTYsInJvbGVfaWQiOjEsInJvbGUiOiJhY2NvdW50X21hbmFnZXIiLCJmaXJzdG5hbWUiOiJUQVRBIiwibGFzdG5hbWUiOiJNb3RvcjUiLCJlbWFpbCI6InRhdGEubW90b3I1QG1haWxpbmF0b3IuY29tIiwiY29udGFjdF9ubyI6OTQwODI3OTQyMywiaW1hZ2UiO','2021-02-09 12:50:23',1,'2021-02-08 12:50:22','2021-02-08 12:50:22'),(39,157,'eyJhbGciOiJIUzI1NiIsInR5cCI6IkpXVCJ9.eyJ1c2VyX2lkIjoxNTcsInJvbGVfaWQiOjEsInJvbGUiOiJhY2NvdW50X21hbmFnZXIiLCJmaXJzdG5hbWUiOiJUQVRBIiwibGFzdG5hbWUiOiJNb3RvciIsImVtYWlsIjoidGF0YS5tb3RvdDZAbWFpbGluYXRvci5jb20iLCJjb250YWN0X25vIjoxNTY0MTg2NDUzLCJpbWFnZSI6b','2021-02-10 05:10:19',1,'2021-02-09 05:10:19','2021-02-09 05:10:19'),(40,158,'eyJhbGciOiJIUzI1NiIsInR5cCI6IkpXVCJ9.eyJ1c2VyX2lkIjoxNTgsInJvbGVfaWQiOjIsInJvbGUiOiJjcmVhdG9yIiwiZmlyc3RuYW1lIjoiU2FteWEiLCJsYXN0bmFtZSI6IlVzZXI2IiwiZW1haWwiOiJzYW15YS51c2VyNkBtYWlsaW5hdG9yLmNvbSIsImNvbnRhY3Rfbm8iOjgxNTE2NTg0MjEsImltYWdlIjpudWxsLCJpc','2021-02-10 05:31:16',1,'2021-02-09 05:31:15','2021-02-09 05:31:15'),(41,159,'eyJhbGciOiJIUzI1NiIsInR5cCI6IkpXVCJ9.eyJ1c2VyX2lkIjoxNTksInJvbGVfaWQiOjIsInJvbGUiOiJjcmVhdG9yIiwiZmlyc3RuYW1lIjoiQW1pICIsImxhc3RuYW1lIjoiQmFyZGEiLCJlbWFpbCI6ImFtaSszQHByb3F1cmUuaW8iLCJjb250YWN0X25vIjo0MjM3MjA3MjcsImltYWdlIjpudWxsLCJpc192ZXJpZmllZCI6M','2021-02-26 05:00:50',1,'2021-02-23 00:12:29','2021-02-25 05:00:50'),(42,161,'eyJhbGciOiJIUzI1NiIsInR5cCI6IkpXVCJ9.eyJ1c2VyX2lkIjoxNjEsInJvbGVfaWQiOjIsInJvbGUiOiJjcmVhdG9yIiwiZmlyc3RuYW1lIjoiUmljY2FyZG8iLCJsYXN0bmFtZSI6IlRyZWJiaSIsImVtYWlsIjoicmljY2FyZG8udHJlYmJpK2dyZWVuZXJ3YXlzQHByb3F1cmUuaW8iLCJjb250YWN0X25vIjozMjMyMzIzMjMyL','2021-03-17 13:31:26',1,'2021-03-15 02:53:58','2021-03-16 13:31:26'),(43,162,'eyJhbGciOiJIUzI1NiIsInR5cCI6IkpXVCJ9.eyJ1c2VyX2lkIjoxNjIsInJvbGVfaWQiOjIsInJvbGUiOiJjcmVhdG9yIiwiZmlyc3RuYW1lIjoiUmljY2FyZG8iLCJsYXN0bmFtZSI6IlRyZWJiaSIsImVtYWlsIjoicmljY2FyZG8udHJlYmJpK2RlbW9icmFuZEBwcm9xdXJlLmlvIiwiY29udGFjdF9ubyI6MCwiaW1hZ2UiOm51b','2021-03-31 03:37:57',1,'2021-03-24 04:12:16','2021-03-30 03:37:57'),(44,163,'eyJhbGciOiJIUzI1NiIsInR5cCI6IkpXVCJ9.eyJ1c2VyX2lkIjoxNjMsInJvbGVfaWQiOjIsInJvbGUiOiJjcmVhdG9yIiwiZmlyc3RuYW1lIjoiRGVtbyIsImxhc3RuYW1lIjoiQnJhbmQiLCJlbWFpbCI6ImluZm9AcHJvcXVyZS5pbyIsImNvbnRhY3Rfbm8iOjQ0NCwiaW1hZ2UiOm51bGwsImlzX3ZlcmlmaWVkIjoxLCJzdGF0d','2021-04-12 04:02:16',1,'2021-03-30 03:43:11','2021-04-11 04:02:16'),(45,164,'eyJhbGciOiJIUzI1NiIsInR5cCI6IkpXVCJ9.eyJ1c2VyX2lkIjoxNjQsInJvbGVfaWQiOjIsInJvbGUiOiJjcmVhdG9yIiwiZmlyc3RuYW1lIjoiUGVuZm9sZHMiLCJsYXN0bmFtZSI6Ik1hcmtldGluZyBNYW5hZ2VyIiwiZW1haWwiOiJpbmZvK3BlbmZvbGRzQHByb3F1cmUuaW8iLCJjb250YWN0X25vIjozMzMsImltYWdlIjpud','2021-03-31 06:00:31',1,'2021-03-30 05:59:12','2021-03-30 06:00:31'),(46,165,'eyJhbGciOiJIUzI1NiIsInR5cCI6IkpXVCJ9.eyJ1c2VyX2lkIjoxNjUsInJvbGVfaWQiOjIsInJvbGUiOiJjcmVhdG9yIiwiZmlyc3RuYW1lIjoiTWVudSBGcmVzaCIsImxhc3RuYW1lIjoiQnJhbmQgTWFuYWdlciIsImVtYWlsIjoiaW5mbyttZW51ZnJlc2hAcHJvcXVyZS5pbyIsImNvbnRhY3Rfbm8iOjMzMywiaW1hZ2UiOm51b','2021-04-22 05:04:27',1,'2021-04-01 03:39:18','2021-04-21 05:04:27'),(47,166,'eyJhbGciOiJIUzI1NiIsInR5cCI6IkpXVCJ9.eyJ1c2VyX2lkIjoxNjYsInJvbGVfaWQiOjIsInJvbGUiOiJjcmVhdG9yIiwiZmlyc3RuYW1lIjoiQW1pIiwibGFzdG5hbWUiOiJCYXJkYSIsImVtYWlsIjoiYW1pKzVAcHJvcXVyZS5pbyIsImNvbnRhY3Rfbm8iOjQyMzcyMDcyNywiaW1hZ2UiOm51bGwsImlzX3ZlcmlmaWVkIjoxL','2021-04-22 07:42:01',1,'2021-04-21 07:42:00','2021-04-21 07:42:00'),(48,167,'eyJhbGciOiJIUzI1NiIsInR5cCI6IkpXVCJ9.eyJ1c2VyX2lkIjoxNjcsInJvbGVfaWQiOjEsInJvbGUiOiJhY2NvdW50X21hbmFnZXIiLCJmaXJzdG5hbWUiOiJEYXZpZCIsImxhc3RuYW1lIjoiSGFzd2VsbCIsImVtYWlsIjoibmF2bmVldC5rdW1hckBwcm9xdXJlLmlvIiwiY29udGFjdF9ubyI6NzUwMDAwMDAwMCwiaW1hZ2UiO','2021-04-24 09:01:13',1,'2021-04-23 09:00:57','2021-04-23 09:01:13'),(49,168,'eyJhbGciOiJIUzI1NiIsInR5cCI6IkpXVCJ9.eyJ1c2VyX2lkIjoxNjgsInJvbGVfaWQiOjEsInJvbGUiOiJhY2NvdW50X21hbmFnZXIiLCJmaXJzdG5hbWUiOiJUZXN0IiwibGFzdG5hbWUiOiJUZXN0IiwiZW1haWwiOiJzaHlhbS5rdW1hckBwcm9xdXJlLmlvIiwiY29udGFjdF9ubyI6OTg3NjU0MzIxMCwiaW1hZ2UiOm51bGwsI','2021-04-24 09:48:09',1,'2021-04-23 09:48:09','2021-04-23 09:48:09'),(50,169,'eyJhbGciOiJIUzI1NiIsInR5cCI6IkpXVCJ9.eyJ1c2VyX2lkIjoxNjksInJvbGVfaWQiOjEsInJvbGUiOiJhY2NvdW50X21hbmFnZXIiLCJmaXJzdG5hbWUiOiJUYXRhVGVzdCIsImxhc3RuYW1lIjoiVGF0YVRlc3QiLCJlbWFpbCI6InNoeWt1bWFyQHFhc291cmNlLmNvbSIsImNvbnRhY3Rfbm8iOjk4NzY1NDMyMTAsImltYWdlI','2021-04-27 06:53:05',1,'2021-04-23 09:51:54','2021-04-26 06:53:05'),(51,170,'eyJhbGciOiJIUzI1NiIsInR5cCI6IkpXVCJ9.eyJ1c2VyX2lkIjoxNzAsInJvbGVfaWQiOjIsInJvbGUiOiJjcmVhdG9yIiwiZmlyc3RuYW1lIjoiVXNlciBUYXRhICIsImxhc3RuYW1lIjoiTW90b3IyIiwiZW1haWwiOiJndXB0YS5zaHlhbTk4LnNnQGdtYWlsLmNvbSIsImNvbnRhY3Rfbm8iOjk4NzY1NDMyMTAsImltYWdlIjpud','2021-04-24 10:00:58',1,'2021-04-23 10:00:57','2021-04-23 10:00:57');

/*Table structure for table `user` */

DROP TABLE IF EXISTS `user`;

CREATE TABLE `user` (
  `pk_user_id` bigint NOT NULL AUTO_INCREMENT,
  `email` varchar(45) CHARACTER SET utf8 COLLATE utf8_bin NOT NULL,
  `first_name` varchar(45) CHARACTER SET utf8 COLLATE utf8_bin DEFAULT NULL,
  `last_name` varchar(45) CHARACTER SET utf8 COLLATE utf8_bin DEFAULT NULL,
  `password` varchar(100) CHARACTER SET utf8 COLLATE utf8_bin NOT NULL,
  `image` varchar(1000) CHARACTER SET utf8 COLLATE utf8_bin DEFAULT NULL,
  `contact_no` bigint NOT NULL,
  `is_verified` tinyint DEFAULT '0',
  `fk_role_id` bigint NOT NULL,
  `is_firsttime_login` tinyint DEFAULT '1',
  `is_reset_password` tinyint DEFAULT '0',
  `status` tinyint DEFAULT '1',
  `created_by` bigint DEFAULT NULL,
  `created_on` datetime NOT NULL DEFAULT CURRENT_TIMESTAMP,
  `modified_by` bigint DEFAULT NULL,
  `modified_on` datetime NOT NULL DEFAULT CURRENT_TIMESTAMP,
  PRIMARY KEY (`pk_user_id`),
  KEY `fk_role_u_idx` (`fk_role_id`),
  CONSTRAINT `fk_role_u` FOREIGN KEY (`fk_role_id`) REFERENCES `role` (`pk_role_id`)
) ENGINE=InnoDB AUTO_INCREMENT=172 DEFAULT CHARSET=utf8 COLLATE=utf8_bin COMMENT='User Master';

/*Data for the table `user` */

insert  into `user`(`pk_user_id`,`email`,`first_name`,`last_name`,`password`,`image`,`contact_no`,`is_verified`,`fk_role_id`,`is_firsttime_login`,`is_reset_password`,`status`,`created_by`,`created_on`,`modified_by`,`modified_on`) values (6,'arifrathod7@gmail.com','Arif','Rathod','U2FsdGVkX18/7ZM4IPSIl1MmREeD9zxms/QoxWQgj4Y=','1609129557924dadu1.jpg',9978350327,1,3,1,0,1,6,'2020-10-19 17:39:46',6,'2020-12-30 13:05:07'),(86,'samya.shah@digi-corp.com','Samya','Shah','U2FsdGVkX1+7CmnRBSsO2mU3wpFxL45CCmRS1CtHutc=','',9408279455,1,3,1,1,1,NULL,'2020-12-28 12:39:04',6,'2021-02-09 11:39:17'),(133,'poorab.shah@efolio.llc','Poorab','Shah','U2FsdGVkX18/7ZM4IPSIl1MmREeD9zxms/QoxWQgj4Y=','',9978350327,1,3,1,0,1,6,'2020-12-31 18:31:25',6,'2020-12-31 19:16:17'),(136,'ami@proqure.io','Ami ','Barda','U2FsdGVkX18pRZjPlpbYOoG/Jh1qehbjyvBZKc/Tz2c=',NULL,6142372072,1,1,0,0,1,133,'2021-01-02 02:50:14',6,'2021-01-02 02:53:36'),(137,'samya.partner@mailinator.com','samya','partner','U2FsdGVkX1/ZyRYsQ0quVlJTXZNwrUjhhBCmNMuwNss=',NULL,9408279000,1,1,0,0,1,86,'2021-01-13 13:25:48',6,'2021-01-18 07:22:46'),(138,'samya.user@mailinator.com','Samya','User','',NULL,7829789372,0,2,0,0,1,86,'2021-01-13 14:26:33',0,'2021-01-13 14:26:33'),(139,'khan@mailinator.com','Sudarsan','Khan','U2FsdGVkX1+k+TCWr04Oz29oMupfS0qn0On8YKqAHOg=',NULL,1234567899,1,3,0,0,1,6,'2021-01-13 14:48:35',0,'2021-01-19 15:15:33'),(140,'test@mailinator.com','test','test','',NULL,1234567899,0,2,0,0,1,6,'2021-01-13 14:50:31',0,'2021-01-13 14:50:31'),(141,'pete.soderbaum@gmail.com','ConstellationBrand','Manager','U2FsdGVkX1+HczkYVlJpjMKS2HXKqlJ9zAiCQm7wf4o=',NULL,2332332324,1,1,0,0,1,133,'2021-01-14 05:19:43',6,'2021-01-19 14:17:11'),(142,'samya.user1@mailinator.com','Samya','user','',NULL,1322212121,0,2,0,0,1,86,'2021-01-18 07:06:35',0,'2021-01-18 07:06:35'),(143,'samya.user2@mailinator.com','SAMYA','USER','',NULL,1232323121,0,2,0,0,1,137,'2021-01-18 11:42:49',0,'2021-01-18 11:42:49'),(144,'digi_accountmanager@mailinator.com','Digicorp','Account Manager','',NULL,2121231312,0,1,0,0,1,86,'2021-01-18 12:06:41',0,'2021-01-18 12:06:41'),(145,'samya.user3@mailinator.com','Samya','User','',NULL,8989789900,0,2,0,0,1,86,'2021-01-18 14:55:46',0,'2021-01-18 14:55:46'),(146,'samya.user4@mailinator.com','Samya','User ','U2FsdGVkX18XuV0zQsmKbwgpphjGjeE24zkJBnHdMQM=',NULL,7658769564,1,2,0,0,1,86,'2021-01-19 06:23:39',6,'2021-01-19 06:53:11'),(147,'samya.ac_man@mailinator.com','samya','acc_manager','U2FsdGVkX1/ewrAfVMsMp/GjlXn0i3Y5gHCNQws74Q8=',NULL,8789372896,1,1,0,0,1,86,'2021-01-19 13:51:32',6,'2021-01-19 13:52:02'),(148,'samya.user5@mailinator.com','Samya','user 5','',NULL,2873962901,0,2,0,0,1,86,'2021-01-20 08:23:18',0,'2021-01-20 08:23:18'),(149,'tata.motor@mailinator.com','TATA','Motor','U2FsdGVkX1+H6JTZkA+7M7f9UbgYnTy98HfBgRwFZHw=',NULL,9408279423,1,1,0,0,1,86,'2021-01-28 12:07:38',6,'2021-04-22 06:07:40'),(150,'tata.motor1@mailinator.com','TATA ','Motor 1','U2FsdGVkX1+/5IyP5dqBXHla+Buf/ogycy+52XZMaN4=',NULL,9408279423,1,1,0,0,1,86,'2021-01-28 12:09:47',6,'2021-01-28 12:10:09'),(151,'user.tatamotor@mailinator.com','User','Tata Motor','U2FsdGVkX18LXEA2ZLzyAeXlbfetBru3VziBewxdIEY=',NULL,2873962901,1,2,0,0,1,150,'2021-01-28 12:13:30',6,'2021-01-28 12:14:06'),(152,'david@visy.com.au','David','Joen','',NULL,423720727,0,1,0,0,1,133,'2021-01-29 01:54:07',0,'2021-01-29 01:54:07'),(153,'tata.motor2@mailinator.com','TATA','Motor2','',NULL,9408279423,0,1,0,0,1,86,'2021-02-08 10:39:01',0,'2021-02-08 10:39:01'),(154,'tata.motor3@mailinator.com','Tata ','Motor','',NULL,9408279423,0,1,0,0,1,86,'2021-02-08 11:35:31',0,'2021-02-08 11:35:31'),(155,'tata.motor4@mailinator.com','TATA','Motor 4','',NULL,9408279423,0,1,0,0,1,86,'2021-02-08 12:44:56',0,'2021-02-08 12:44:56'),(156,'tata.motor5@mailinator.com','TATA','Motor5','U2FsdGVkX18Y+F4u5rKgoOqjSSijB419+TS2PDZP4ug=',NULL,9408279423,1,1,0,0,1,86,'2021-02-08 12:49:35',6,'2021-02-08 12:50:07'),(157,'tata.motot6@mailinator.com','TATA','Motor','U2FsdGVkX18IHpSfZQPfQ2uErxyzlOO4IAoI6QHslLE=',NULL,1564186453,1,1,0,0,1,86,'2021-02-09 05:09:27',6,'2021-02-09 05:10:04'),(158,'samya.user6@mailinator.com','Samya','User6','U2FsdGVkX18BnIBrFewprLri0WgkX4SOJEkBiq3LVfE=',NULL,8151658421,1,2,0,0,1,86,'2021-02-09 05:30:15',6,'2021-02-09 05:30:59'),(159,'ami+3@proqure.io','Ami ','Barda','U2FsdGVkX18c0QvnZENYKUpxnKhRx6TzG0McUM3U5SA=',NULL,423720727,1,2,0,0,1,133,'2021-02-23 00:11:45',6,'2021-02-23 00:12:25'),(160,'riccardo+greenerways@proqure.io','Riccardo','Trebbi','',NULL,393822323,0,2,0,0,1,133,'2021-03-15 02:51:49',0,'2021-03-15 02:51:49'),(161,'riccardo.trebbi+greenerways@proqure.io','Riccardo','Trebbi','U2FsdGVkX19ihGxBQ2I31p/w5NUr03ZBp8nwmrnhMEviHqPTZQufZVyXEwR3q/Oc',NULL,3232323232,1,2,0,0,1,133,'2021-03-15 02:52:55',6,'2021-03-15 07:45:58'),(162,'riccardo.trebbi+demobrand@proqure.io','Riccardo','Trebbi','U2FsdGVkX19jD4V9GzrKVRWRDwvwg0R4zihD1v6umI6WLRaav0UFO4vu88uDRHLD',NULL,0,1,2,0,0,1,133,'2021-03-24 04:11:30',6,'2021-03-24 04:12:10'),(163,'info@proqure.io','Demo','Brand','U2FsdGVkX1/iKwHv1LUUKg8Ut0QnqcCry0S2lWhlKJU=',NULL,444,1,2,0,0,1,133,'2021-03-30 03:39:24',6,'2021-03-30 03:42:47'),(164,'info+penfolds@proqure.io','Penfolds','Marketing Manager','U2FsdGVkX1+5vOvvF8DNZxOnf/cduHxrKlsDFNUk/74=',NULL,333,1,2,0,0,1,133,'2021-03-30 05:57:53',6,'2021-03-30 05:58:40'),(165,'info+menufresh@proqure.io','Menu Fresh','Brand Manager','U2FsdGVkX19x+qn290alRB77atjVs3PKfToArJNERZI=',NULL,333,1,2,0,0,1,133,'2021-04-01 03:38:25',6,'2021-04-01 03:39:11'),(166,'ami+5@proqure.io','Ami','Barda','U2FsdGVkX1+8Ln+m0I/OY/g2MELEv0jlRKlbaDlicFo=',NULL,423720727,1,2,0,0,1,133,'2021-04-21 07:40:11',6,'2021-04-21 07:41:46'),(167,'navneet.kumar@proqure.io','David','Haswell','U2FsdGVkX1+fbMg+NCx/SibA5elVGHPN8COAsNq5Cr8=',NULL,7500000000,1,1,0,0,1,133,'2021-04-23 08:57:36',6,'2021-04-23 08:59:21'),(168,'shyam.kumar@proqure.io','Test','Test','U2FsdGVkX18P/JBouzdOqCS9YRc/xZBqo54gkhnY/jI=',NULL,9876543210,1,1,0,0,1,133,'2021-04-23 09:47:12',6,'2021-04-23 09:47:53'),(169,'shykumar@qasource.com','TataTest','TataTest','U2FsdGVkX1//PHL733ntVl8rxZdqVPiW++oI2BF/vRQ=',NULL,9876543210,1,1,0,0,1,133,'2021-04-23 09:51:03',6,'2021-04-23 09:51:38'),(170,'gupta.shyam98.sg@gmail.com','User Tata ','Motor2','U2FsdGVkX19hXLYQKWXwm+7yA/wwvmHXwTHzooHDyhw=',NULL,9876543210,1,2,0,0,1,169,'2021-04-23 09:56:49',6,'2021-04-23 10:00:24'),(171,'vrajput@qasource.com','Vikrant','Rajpu','',NULL,8427384433,0,2,0,0,1,133,'2021-04-23 12:45:37',0,'2021-04-23 12:45:37');

/*Table structure for table `vertical_goal_mapping` */

DROP TABLE IF EXISTS `vertical_goal_mapping`;

CREATE TABLE `vertical_goal_mapping` (
  `pk_vertical_goal_map_id` bigint NOT NULL AUTO_INCREMENT,
  `fk_goal_id` bigint NOT NULL,
  `fk_vertical_id` bigint NOT NULL,
  `status` tinyint NOT NULL DEFAULT '1',
  `created_by` bigint DEFAULT NULL,
  `created_on` datetime DEFAULT CURRENT_TIMESTAMP,
  `modified_by` bigint DEFAULT NULL,
  `modified_on` datetime DEFAULT CURRENT_TIMESTAMP,
  PRIMARY KEY (`pk_vertical_goal_map_id`),
  KEY `fk_status_vg_idx` (`status`),
  KEY `fk_goal_vg_idx` (`fk_goal_id`),
  CONSTRAINT `fk_goal_vg` FOREIGN KEY (`fk_goal_id`) REFERENCES `goal` (`pk_goal_id`)
) ENGINE=InnoDB AUTO_INCREMENT=58 DEFAULT CHARSET=utf8 COLLATE=utf8_bin COMMENT='Vertical Goal Mapping';

/*Data for the table `vertical_goal_mapping` */

insert  into `vertical_goal_mapping`(`pk_vertical_goal_map_id`,`fk_goal_id`,`fk_vertical_id`,`status`,`created_by`,`created_on`,`modified_by`,`modified_on`) values (1,6,5,1,0,'2020-10-26 16:48:40',0,'2020-10-26 16:48:40'),(2,7,5,1,0,'2020-12-04 12:06:12',0,'2020-12-04 12:06:12'),(3,2,6,1,NULL,'2020-12-07 11:41:21',NULL,'2020-12-07 11:41:21'),(4,3,6,1,NULL,'2020-12-07 11:41:29',NULL,'2020-12-07 11:41:29'),(5,3,7,1,NULL,'2020-12-07 11:42:00',NULL,'2020-12-07 11:42:00'),(6,5,7,1,NULL,'2020-12-07 11:42:20',NULL,'2020-12-07 11:42:20'),(7,1,11,1,NULL,'2020-12-07 11:42:57',NULL,'2020-12-07 11:42:57'),(8,3,11,1,NULL,'2020-12-07 11:43:10',NULL,'2020-12-07 11:43:10'),(9,2,11,1,NULL,'2020-12-07 11:43:30',NULL,'2020-12-07 11:43:30'),(10,9,26,1,NULL,'2021-02-12 10:48:07',NULL,'2021-02-12 10:48:07'),(11,9,27,1,NULL,'2021-02-12 10:48:07',NULL,'2021-02-12 10:48:07'),(12,9,28,1,NULL,'2021-02-12 10:48:07',NULL,'2021-02-12 10:48:07'),(13,10,26,1,NULL,'2021-02-12 10:48:07',NULL,'2021-02-12 10:48:07'),(14,10,27,1,NULL,'2021-02-12 10:48:07',NULL,'2021-02-12 10:48:07'),(15,10,28,1,NULL,'2021-02-12 10:48:07',NULL,'2021-02-12 10:48:07'),(16,11,26,1,NULL,'2021-02-12 10:48:07',NULL,'2021-02-12 10:48:07'),(17,11,27,1,NULL,'2021-02-12 10:48:07',NULL,'2021-02-12 10:48:07'),(18,11,28,1,NULL,'2021-02-12 10:48:07',NULL,'2021-02-12 10:48:07'),(19,12,26,1,NULL,'2021-02-12 10:48:07',NULL,'2021-02-12 10:48:07'),(20,12,27,1,NULL,'2021-02-12 10:48:07',NULL,'2021-02-12 10:48:07'),(21,12,28,1,NULL,'2021-02-12 10:48:07',NULL,'2021-02-12 10:48:07'),(22,13,26,1,NULL,'2021-02-12 10:48:07',NULL,'2021-02-12 10:48:07'),(23,13,27,1,NULL,'2021-02-12 10:48:07',NULL,'2021-02-12 10:48:07'),(24,13,28,1,NULL,'2021-02-12 10:48:07',NULL,'2021-02-12 10:48:07'),(25,14,26,1,NULL,'2021-02-12 10:48:07',NULL,'2021-02-12 10:48:07'),(26,14,27,1,NULL,'2021-02-12 10:48:07',NULL,'2021-02-12 10:48:07'),(27,14,28,1,NULL,'2021-02-12 10:48:07',NULL,'2021-02-12 10:48:07'),(28,15,26,1,NULL,'2021-02-12 10:48:07',NULL,'2021-02-12 10:48:07'),(29,15,27,1,NULL,'2021-02-12 10:48:07',NULL,'2021-02-12 10:48:07'),(30,15,28,1,NULL,'2021-02-12 10:48:07',NULL,'2021-02-12 10:48:07'),(31,16,26,1,NULL,'2021-02-12 10:48:07',NULL,'2021-02-12 10:48:07'),(32,16,27,1,NULL,'2021-02-12 10:48:07',NULL,'2021-02-12 10:48:07'),(33,16,28,1,NULL,'2021-02-12 10:48:07',NULL,'2021-02-12 10:48:07'),(34,17,26,1,NULL,'2021-02-12 10:48:07',NULL,'2021-02-12 10:48:07'),(35,17,27,1,NULL,'2021-02-12 10:48:07',NULL,'2021-02-12 10:48:07'),(36,17,28,1,NULL,'2021-02-12 10:48:07',NULL,'2021-02-12 10:48:07'),(37,18,26,1,NULL,'2021-02-12 10:48:07',NULL,'2021-02-12 10:48:07'),(38,18,27,1,NULL,'2021-02-12 10:48:08',NULL,'2021-02-12 10:48:08'),(39,18,28,1,NULL,'2021-02-12 10:48:08',NULL,'2021-02-12 10:48:08'),(40,19,26,1,NULL,'2021-02-12 10:48:08',NULL,'2021-02-12 10:48:08'),(41,19,27,1,NULL,'2021-02-12 10:48:08',NULL,'2021-02-12 10:48:08'),(42,19,28,1,NULL,'2021-02-12 10:48:08',NULL,'2021-02-12 10:48:08'),(43,20,26,1,NULL,'2021-02-12 10:48:08',NULL,'2021-02-12 10:48:08'),(44,20,27,1,NULL,'2021-02-12 10:48:08',NULL,'2021-02-12 10:48:08'),(45,20,28,1,NULL,'2021-02-12 10:48:08',NULL,'2021-02-12 10:48:08'),(46,9,11,1,NULL,'2021-02-12 10:51:16',NULL,'2021-02-12 10:51:16'),(47,10,11,1,NULL,'2021-02-12 10:51:16',NULL,'2021-02-12 10:51:16'),(48,11,11,1,NULL,'2021-02-12 10:51:16',NULL,'2021-02-12 10:51:16'),(49,12,11,1,NULL,'2021-02-12 10:51:16',NULL,'2021-02-12 10:51:16'),(50,13,11,1,NULL,'2021-02-12 10:51:16',NULL,'2021-02-12 10:51:16'),(51,14,11,1,NULL,'2021-02-12 10:51:16',NULL,'2021-02-12 10:51:16'),(52,15,11,1,NULL,'2021-02-12 10:51:16',NULL,'2021-02-12 10:51:16'),(53,16,11,1,NULL,'2021-02-12 10:51:16',NULL,'2021-02-12 10:51:16'),(54,17,11,1,NULL,'2021-02-12 10:51:16',NULL,'2021-02-12 10:51:16'),(55,18,11,1,NULL,'2021-02-12 10:51:16',NULL,'2021-02-12 10:51:16'),(56,19,11,1,NULL,'2021-02-12 10:51:16',NULL,'2021-02-12 10:51:16'),(57,20,11,1,NULL,'2021-02-12 10:51:16',NULL,'2021-02-12 10:51:16');

/*!40101 SET SQL_MODE=@OLD_SQL_MODE */;
/*!40014 SET FOREIGN_KEY_CHECKS=@OLD_FOREIGN_KEY_CHECKS */;
/*!40014 SET UNIQUE_CHECKS=@OLD_UNIQUE_CHECKS */;
/*!40111 SET SQL_NOTES=@OLD_SQL_NOTES */;
